english,german,latin,system
abdomen,Bauch,Abdomen,concept
abdomen proper,Eigentlicher Bauch,Abdomen proprium,concept
abdominal part of pectoralis major,Bauchanteil des großen Brustmuskels,Pars abdominalis musculi pectoralis majoris,concept
abdominal segment of trunk,Bauchabschnitt des Rumpfes,Segmentum abdominale trunci,concept
abductor digiti minimi of foot,Kleinzehenabzieher des Fußes,Musculus abductor digiti minimi pedis,concept
abductor digiti minimi of hand,Kleinfingerabzieher der Hand,Musculus abductor digiti minimi manus,concept
abductor hallucis,Großzehenabzieher,Musculus abductor hallucis,concept
abductor pollicis brevis,Kurzer Daumenabzieher,Musculus abductor pollicis brevis,concept
abductor pollicis longus,Langer Daumenabzieher,Musculus abductor pollicis longus,concept
accessory subsuperior branch of posterior basal segmental artery,Akzessorischer subsuperiorer Ast der hinteren basalen Segmentarterie,Ramus subsuperior accessorius arteriae segmentalis basalis posterioris,concept
acromial branch of thoraco-acromial artery,Schulterhöhenast der Brust-Schulterhöhen-Arterie,Ramus acromialis arteriae thoracoacromialis,concept
acromial part of deltoid,Schulterhöhenanteil des Deltamuskels,Pars acromialis musculi deltoidei,concept
adductor brevis,Kurzer Schenkelanzieher,Musculus adductor brevis,concept
adductor longus,Langer Schenkelanzieher,Musculus adductor longus,concept
adductor magnus,Großer Schenkelanzieher,Musculus adductor magnus,concept
adductor minimus,Kleinster Schenkelanzieher,Musculus adductor minimus,concept
adrenal gland,Nebenniere,Glandula suprarenalis,concept
alimentary system,Verdauungssystem,Systema digestorium,concept
amygdala,Mandelkern,Corpus amygdaloideum,concept
anal part of perineum,Afterregion des Damms,Regio analis perinei,concept
anastomosis,Anastomose,Anastomosis,concept
anatomical boundary entity,Anatomische Grenzentität,Ens anatomicum limitans,concept
anatomical cavity,Anatomische Höhle,Cavitas anatomica,concept
anatomical cluster,Anatomischer Cluster,Aggregatum anatomicum,concept
anatomical compartment space,Anatomischer Kompartimentraum,Spatium compartimenti anatomici,concept
anatomical conduit space,Anatomischer Leitungsraum,Spatium conductus anatomici,concept
anatomical entity,Anatomische Entität,Ens anatomicum,concept
anatomical junction,Anatomische Verbindungsstelle,Junctio anatomica,concept
anatomical line,Anatomische Linie,Linea anatomica,concept
anatomical lobe,Anatomischer Lappen,Lobus anatomicus,concept
anatomical set,Anatomische Menge,Copia anatomica,concept
anatomical space,Anatomischer Raum,Spatium anatomicum,concept
anatomical structure,Anatomische Struktur,Structura anatomica,concept
anconeus,Knorrenmuskel,Musculus anconeus,concept
angular gyrus,Gyrus angularis,Gyrus angularis,concept
anterior abdominal wall,Vordere Bauchwand,Paries abdominis anterior,concept
anterior basal segmental artery,Vordere basale Segmentarterie,Arteria segmentalis basalis anterior,concept
anterior basal segmental bronchial tree,Vorderer basaler Segmentbronchialbaum,Arbor bronchialis segmentalis basalis anterior,concept
anterior basal segmental vein,Vordere basale Segmentvene,Vena segmentalis basalis anterior,concept
anterior branch of anterior interventricular branch of left coronary artery,Vorderer Ast des vorderen Zwischenkammerastes der linken Koronararterie,Ramus anterior rami interventricularis anterioris arteriae coronariae sinistrae,concept
anterior branch of anterior segmental artery,Vorderer Ast der vorderen Segmentarterie,Ramus anterior arteriae segmentalis anterioris,concept
anterior branch of right portal vein,Vorderer Ast der rechten Pfortader,Ramus anterior venae portae dextrae,concept
anterior cardiac venous tree,Vorderer Herzvenenbaum,Arbor venarum cardiacarum anteriorum,concept
anterior cerebral artery,Vordere Hirnarterie,Arteria cerebri anterior,concept
anterior chamber of eyeball,Vordere Augenkammer des Augapfels,Camera anterior bulbi oculi,concept
anterior chest,Vordere Brust,Pectus anterius,concept
anterior chest wall,Vordere Brustwand,Paries pectoris anterior,concept
anterior choroidal artery,Vordere Aderhautarterie,Arteria choroidea anterior,concept
anterior circumflex humeral artery,Vordere Oberarm-Zirkumflexarterie,Arteria circumflexa humeri anterior,concept
anterior circumflex humeral vein,Vordere Oberarm-Zirkumflexvene,Vena circumflexa humeri anterior,concept
anterior division of renal artery,Vorderer Ast der Nierenarterie,Ramus anterior arteriae renalis,concept
anterior ethmoidal nerve,Vorderer Siebbeinnerv,Nervus ethmoidalis anterior,concept
anterior interosseous artery,Vordere Zwischenknochenarterie,Arteria interossea anterior,concept
anterior interventricular branch of left coronary artery,Vorderer Zwischenkammerast der linken Koronararterie,Ramus interventricularis anterior arteriae coronariae sinistrae,concept
anterior mediastinum,Vorderer Mittelfellraum,Mediastinum anterius,concept
anterior parietal artery,Vordere Scheitellappenarterie,Arteria parietalis anterior,concept
anterior part of apical segmental artery,Vorderer Teil der apikalen Segmentarterie,Pars anterior arteriae segmentalis apicalis,concept
anterior part of apical segmental vein,Vorderer Teil der apikalen Segmentvene,Pars anterior venae segmentalis apicalis,concept
anterior part of left knee,Vorderer Teil des linken Knies,Pars anterior genus sinistri,concept
anterior part of right knee,Vorderer Teil des rechten Knies,Pars anterior genus dextri,concept
anterior part of superior temporal gyrus,Vorderer Teil des Gyrus temporalis superior,Pars anterior gyri temporalis superioris,concept
anterior sector of left liver,Vorderer Sektor der linken Leber,Sector anterior hepatis sinistri,concept
anterior sector of right liver,Vorderer Sektor der rechten Leber,Sector anterior hepatis dextri,concept
anterior segmental artery,Vordere Segmentarterie,Arteria segmentalis anterior,concept
anterior segmental bronchial tree,Vorderer Segmentbronchialbaum,Arbor bronchialis segmentalis anterior,concept
anterior segmental hepatic artery,Vordere Lebersegmentarterie,Arteria segmentalis hepatica anterior,concept
anterior segmental vein,Vordere Segmentvene,Vena segmentalis anterior,concept
anterior spinal artery,Vordere Rückenmarksarterie,Arteria spinalis anterior,concept
anterior suboccipital muscle,Vorderer Subokzipitalmuskel,Musculus suboccipitalis anterior,concept
anterior superficial chest wall,Vordere oberflächliche Brustwand,Paries pectoris superficialis anterior,concept
anterior temporal artery,Vordere Schläfenlappenarterie,Arteria temporalis anterior,concept
anterior temporal branch of lateral occipital artery,Vorderer Schläfenast der seitlichen Hinterhauptarterie,Ramus temporalis anterior arteriae occipitalis lateralis,concept
anterior thoracic wall,Vordere Brustkorbwand,Paries thoracis anterior,concept
anterior tibial artery,Vordere Schienbeinarterie,Arteria tibialis anterior,concept
anterior tibial recurrent artery,Vordere rückläufige Schienbeinarterie,Arteria recurrens tibialis anterior,concept
anterior tibial vein,Vordere Schienbeinvene,Vena tibialis anterior,concept
anterior tributary of right hepatic biliary tree,Vorderer Zufluss des rechten Gallengangsystems,Ramus anterior arboris biliaris dextri,concept
anterior ulnar recurrent artery,Vordere rückläufige Ellenarterie,Arteria recurrens ulnaris anterior,concept
anterior ventricular branch of right coronary artery,Vorderer Kammerast der rechten Koronararterie,Ramus ventricularis anterior arteriae coronariae dextrae,concept
anterior wall of left ventricle,Vordere Wand der linken Herzkammer,Paries anterior ventriculi sinistri,concept
anterior wall of right ventricle,Vordere Wand der rechten Herzkammer,Paries anterior ventriculi dextri,concept
antero-medial basal segmental artery,Vordere mediale basale Segmentarterie,Arteria segmentalis basalis anteromedialis,concept
anterolateral central branch of middle cerebral artery,Anterolateraler zentraler Ast der mittleren Hirnarterie,Ramus centralis anterolateralis arteriae cerebri mediae,concept
aorta,Aorta,Aorta,concept
aortic valve,Aortenklappe,Valva aortae,concept
apical part of apical segmental artery,Apikaler Teil der apikalen Segmentarterie,Pars apicalis arteriae segmentalis apicalis,concept
apical part of apical segmental vein,Apikaler Teil der apikalen Segmentvene,Pars apicalis venae segmentalis apicalis,concept
apical part of posterior segmental artery,Apikaler Teil der hinteren Segmentarterie,Pars apicalis arteriae segmentalis posterioris,concept
apical segmental artery,Apikale Segmentarterie,Arteria segmentalis apicalis,concept
apical segmental bronchial tree,Apikaler Segmentbronchialbaum,Arbor bronchialis segmentalis apicalis,concept
apical segmental vein,Apikale Segmentvene,Vena segmentalis apicalis,concept
apicoposterior bronchopulmonary segment,Apikoposteriores Lungensegment,Segmentum bronchopulmonale apicoposterius,concept
apicoposterior division of right upper lobar artery,Apikoposteriorer Ast der rechten oberen Lappenarterie,Ramus apicoposterior arteriae lobaris superioris dextrae,concept
apicoposterior segmental vein,Apikoposteriore Segmentvene,Vena segmentalis apicoposterior,concept
arcuate artery,Bogenarterie,Arteria arcuata,concept
arteria princeps pollicis,Hauptdaumenarterie,Arteria princeps pollicis,concept
arteria radialis indicis,Speichenseitige Zeigefingerarterie,Arteria radialis indicis,concept
arterial anastomosis,Arterienanastomose,Anastomosis arteriosa,concept
arterial trunk,Arterienstamm,Truncus arteriosus,concept
artery,Arterie,Arteria,concept
artery of postcentral sulcus,Arterie des Sulcus postcentralis,Arteria sulci postcentralis,concept
artery of precentral sulcus,Arterie des Sulcus precentralis,Arteria sulci precentralis,concept
articular disk of symphysis,Gelenkscheibe der Symphyse,Discus articularis symphysis,concept
aryepiglotticus,Stellknorpel-Kehldeckel-Muskel,Musculus aryepiglotticus,concept
arytenoid cartilage,Stellknorpel,Cartilago arytenoidea,concept
ascending part of trapezius,Aufsteigender Anteil des Trapezmuskels,Pars ascendens musculi trapezii,concept
atypical rib,Atypische Rippe,Costa atypica,concept
autonomic ganglion,Autonomes Ganglion,Ganglion autonomicum,concept
axial skeletal system,Axiales Skelettsystem,Systema skeletale axiale,concept
axial skeleton,Achsenskelett,Skeleton axiale,concept
axillary artery,Achselarterie,Arteria axillaris,concept
axillary vein,Achselvene,Vena axillaris,concept
back of abdomen,Rückseite des Bauches,Dorsum abdominis,concept
back of neck,Nacken,Regio cervicalis posterior,concept
back of thorax,Rücken des Brustkorbs,Dorsum thoracis,concept
basal branch of anterior basal segmental artery,Basaler Ast der vorderen basalen Segmentarterie,Ramus basalis arteriae segmentalis basalis anterioris,concept
basal ganglion of telencephalon,Basalganglion des Endhirns,Nucleus basalis telencephali,concept
basal segmental bronchial tree,Basaler Segmentbronchialbaum,Arbor bronchialis segmentalis basalis,concept
basicranial part of head proper,Schädelbasisteil des Kopfes,Pars basicranialis capitis proprii,concept
basicranium,Schädelbasis,Basis cranii,concept
basilic vein,Basilikavene,Vena basilica,concept
bile duct,Gallengang,Ductus biliaris,concept
biliary tree,Gallengangsystem,Arbor biliaris,concept
body cavity content,Körperhöhleninhalt,Contentum cavitatis corporis,concept
body compartment,Körperkompartiment,Compartimentum corporis,concept
body of organ,Körper des Organs,Corpus organi,concept
body proper,Eigentlicher Körper,Corpus proprium,concept
body wall,Körperwand,Paries corporis,concept
bone organ,Knochen,Os,concept
bony part of nasal septum,Knöcherner Teil der Nasenscheidewand,Pars ossea septi nasi,concept
bony pelvis,Knöchernes Becken,Pelvis ossea,concept
brachial artery,Oberarmarterie,Arteria brachialis,concept
brachial vein,Oberarmvene,Vena brachialis,concept
brachialis,Armbeuger,Musculus brachialis,concept
brachiocephalic vein,Arm-Kopf-Vene,Vena brachiocephalica,concept
brachioradialis,Oberarm-Speichen-Muskel,Musculus brachioradialis,concept
brachium of inferior colliculus,Arm des unteren Hügels,Brachium colliculi inferioris,concept
brachium of neuraxis,Arm der Neuraxis,Brachium neuraxis,concept
brachium of superior colliculus,Arm des oberen Hügels,Brachium colliculi superioris,concept
brain,Gehirn,Encephalon,concept
brainstem,Hirnstamm,Truncus encephali,concept
branch of anterior cerebral artery,Ast der vorderen Hirnarterie,Ramus arteriae cerebri anterioris,concept
branch of anterior choroidal artery,Ast der vorderen Aderhautarterie,Ramus arteriae choroideae anterioris,concept
branch of anterior choroidal artery to posterior limb of internal capsule,Ast der vorderen Aderhautarterie zum hinteren Schenkel der inneren Kapsel,Ramus arteriae choroideae anterioris ad crus posterius capsulae internae,concept
branch of anterior interventricular branch of left coronary artery,Ast des vorderen Zwischenkammerastes der linken Koronararterie,Ramus rami interventricularis anterioris arteriae coronariae sinistrae,concept
branch of arterial anastomosis,Ast der Arterienanastomose,Ramus anastomosis arteriosae,concept
branch of basilar artery,Ast der Basilararterie,Ramus arteriae basilaris,concept
branch of brachial artery,Ast der Oberarmarterie,Ramus arteriae brachialis,concept
branch of callosomarginal artery,Ast der Callosomarginalarterie,Ramus arteriae callosomarginalis,concept
branch of cerebral arterial circle,Ast des Hirnarterienkreises,Ramus circuli arteriosi cerebri,concept
branch of ciliary ganglion,Ast des Ziliarganglions,Ramus ganglii ciliaris,concept
branch of common interosseous artery,Ast der gemeinsamen Zwischenknochenarterie,Ramus arteriae interosseae communis,concept
branch of cranial nerve,Ast des Hirnnervs,Ramus nervi cranialis,concept
branch of deep brachial artery,Ast der tiefen Oberarmarterie,Ramus arteriae profundae brachii,concept
branch of deep palmar arterial arch,Ast des tiefen Hohlhandbogens,Ramus arcus palmaris profundi,concept
branch of first common palmar digital artery,Ast der ersten gemeinsamen Hohlhand-Fingerarterie,Ramus arteriae digitalis palmaris communis primae,concept
branch of frontal nerve,Ast des Stirnnervs,Ramus nervi frontalis,concept
branch of ileocolic artery,Ast der Ileokolikarterie,Ramus arteriae ileocolicae,concept
branch of inferior branch of ileocolic artery,Ast des unteren Astes der Ileokolikarterie,Ramus rami inferioris arteriae ileocolicae,concept
branch of lateral circumflex femoral artery,Ast der seitlichen Oberschenkel-Zirkumflexarterie,Ramus arteriae circumflexae femoris lateralis,concept
branch of lateral occipital artery,Ast der seitlichen Hinterhauptarterie,Ramus arteriae occipitalis lateralis,concept
branch of lateral plantar artery,Ast der seitlichen Fußsohlenarterie,Ramus arteriae plantaris lateralis,concept
branch of left coronary artery,Ast der linken Koronararterie,Ramus arteriae coronariae sinistrae,concept
branch of medial branch of superior cerebellar artery,Ast des medialen Astes der oberen Kleinhirnarterie,Ramus rami medialis arteriae superioris cerebelli,concept
branch of medial occipital artery,Ast der medialen Hinterhauptarterie,Ramus arteriae occipitalis medialis,concept
branch of medial plantar artery,Ast der medialen Fußsohlenarterie,Ramus arteriae plantaris medialis,concept
branch of middle cerebral artery,Ast der mittleren Hirnarterie,Ramus arteriae cerebri mediae,concept
branch of middle cerebral artery to angular gyrus,Ast des Asts der mittleren Hirnarterie zum Gyrus angularis,Ramus rami arteriae cerebri mediae ad gyrum angularem,concept
branch of nasociliary nerve,Ast des Nasoziliarnervs,Ramus nervi nasociliaris,concept
branch of oculomotor nerve,Ast des Augenbewegungsnervs,Ramus nervi oculomotorii,concept
branch of ophthalmic nerve,Ast des Augennervs,Ramus nervi ophthalmici,concept
branch of pericallosal artery,Ast der Perikallosalarterie,Ramus arteriae pericallosae,concept
branch of pontine artery,Ast der Brückenarterie,Ramus arteriae pontis,concept
branch of postcommunicating part of anterior cerebral artery,Ast des postkommunikalen Teils der vorderen Hirnarterie,Ramus partis postcommunicalis arteriae cerebri anterioris,concept
branch of posterior cerebral artery,Ast der hinteren Hirnarterie,Ramus arteriae cerebri posterioris,concept
branch of posterior choroidal artery,Ast der hinteren Aderhautarterie,Ramus arteriae choroideae posterioris,concept
branch of posterior communicating artery,Ast der hinteren Verbindungsarterie,Ramus arteriae communicantis posterioris,concept
branch of posterior tibial artery,Ast der hinteren Schienbeinarterie,Ramus arteriae tibialis posterioris,concept
branch of radial artery,Ast der Speichenarterie,Ramus arteriae radialis,concept
branch of right coronary artery,Ast der rechten Koronararterie,Ramus arteriae coronariae dextrae,concept
branch of second common palmar digital artery,Ast der zweiten gemeinsamen Hohlhand-Fingerarterie,Ramus arteriae digitalis palmaris communis secundae,concept
branch of sphenoid part of middle cerebral artery,Ast des sphenoidalen Teils der mittleren Hirnarterie,Ramus partis sphenoidalis arteriae cerebri mediae,concept
branch of superficial palmar arterial arch,Ast des oberflächlichen Hohlhandbogens,Ramus arcus palmaris superficialis,concept
branch of superior cerebellar artery,Ast der oberen Kleinhirnarterie,Ramus arteriae superioris cerebelli,concept
branch of third common palmar digital artery,Ast der dritten gemeinsamen Hohlhand-Fingerarterie,Ramus arteriae digitalis palmaris communis tertiae,concept
branch of trigeminal nerve,Ast des Drillingsnervs,Ramus nervi trigemini,concept
branch of ulnar artery,Ast der Ellenarterie,Ramus arteriae ulnaris,concept
branch of vertebral artery,Ast der Wirbelarterie,Ramus arteriae vertebralis,concept
bronchus,Bronchus,Bronchus,concept
calcaneal tendon,Achillessehne,Tendo calcaneus,concept
calcaneus,Fersenbein,Calcaneus,concept
callosomarginal artery,Callosomarginalarterie,Arteria callosomarginalis,concept
canine tooth,Eckzahn,Dens caninus,concept
capitate,Kopfbein,Os capitatum,concept
capsule of cerebral hemisphere,Kapsel der Großhirnhemisphäre,Capsula hemispherii cerebri,concept
cardiac vein,Herzvene,Vena cardiaca,concept
cardinal organ part,Organhauptteil,Pars cardinalis organi,concept
cardinal segment of brain,Hauptabschnitt des Gehirns,Segmentum cardinale encephali,concept
cardinal tissue part,Gewebehauptteil,Pars cardinalis textus,concept
cardiovascular system,Herz-Kreislauf-System,Systema cardiovasculare,concept
carpal bone,Handwurzelknochen,Os carpi,concept
cartilage organ,Knorpel,Cartilago,concept
cartilage organ component,Knorpelkomponente,Componens cartilaginis,concept
cartilaginous part of nasal septum,Knorpeliger Teil der Nasenscheidewand,Pars cartilaginea septi nasi,concept
cartilaginous skeleton of external nose,Knorpelskelett der äußeren Nase,Sceletum cartilagineum nasi externi,concept
cartilaginous skeleton of nose,Knorpelskelett der Nase,Sceletum cartilagineum nasi,concept
caudate nucleus,Schweifkern,Nucleus caudatus,concept
cavernous organ,Schwellkörperorgan,Organum cavernosum,concept
cavitated organ,Organ mit Hohlraum,Organum cavitatum,concept
cavity of atrium,Höhle des Vorhofs,Cavitas atrii,concept
cavity of cardiac chamber,Höhle der Herzhöhle,Cavitas camerae cordis,concept
cavity of neuraxis,Höhle der Neuraxis,Cavitas neuraxis,concept
cavity of organ part,Höhle des Organteils,Cavitas partis organi,concept
cavity of ventricle,Höhle der Herzkammer,Cavitas ventriculi,concept
cecum,Blinddarm,Caecum,concept
cell part cluster,Zellteil-Cluster,Aggregatum partium cellularum,concept
cell part cluster of neuraxis,Zellteil-Cluster der Neuraxis,Aggregatum partium cellularum neuraxis,concept
cephalic vein,Kopfvene,Vena cephalica,concept
cerebral arterial circle,Hirnarterienkreis,Circulus arteriosus cerebri,concept
cerebral white matter,Weiße Substanz des Großhirns,Substantia alba cerebri,concept
cervical rotator,Halsdrehmuskel,Musculus rotator cervicis,concept
cervical vertebra,Halswirbel,Vertebra cervicalis,concept
cervical vertebral column,Halswirbelsäule,Columna vertebralis cervicalis,concept
chamber of eyeball,Kammer des Augapfels,Camera bulbi oculi,concept
check ligament of lateral rectus,Hemmungsband des seitlichen geraden Augenmuskels,Lacertus musculi recti lateralis,concept
check ligament of medial rectus,Hemmungsband des inneren geraden Augenmuskels,Lacertus musculi recti medialis,concept
chest wall,Brustwand,Paries pectoris,concept
choroid,Aderhaut,Choroidea,concept
ciliary ganglion,Ziliarganglion,Ganglion ciliare,concept
cingulate gyrus,Gürtelwindung,Gyrus cinguli,concept
circumflex scapular artery,Schulterblatt-Zirkumflexarterie,Arteria circumflexa scapulae,concept
circumflex scapular vein,Schulterblatt-Zirkumflexvene,Vena circumflexa scapulae,concept
circumventricular organ of neuraxis,Zirkumventrikuläres Organ der Neuraxis,Organum circumventriculare neuraxis,concept
clavicle,Schlüsselbein,Clavicula,concept
clavicular part of deltoid,Schlüsselbeinanteil des Deltamuskels,Pars clavicularis musculi deltoidei,concept
clavicular part of pectoralis major,Schlüsselbeinanteil des großen Brustmuskels,Pars clavicularis musculi pectoralis majoris,concept
coccygeus,Steißbeinmuskel,Musculus coccygeus,concept
commissure of diencephalon,Kommissur des Zwischenhirns,Commissura diencephali,concept
commissure of neuraxis,Kommissur der Neuraxis,Commissura neuraxis,concept
common carotid artery,Gemeinsame Halsschlagader,Arteria carotis communis,concept
common iliac artery,Gemeinsame Beckenarterie,Arteria iliaca communis,concept
common iliac vein,Gemeinsame Beckenvene,Vena iliaca communis,concept
common interosseous artery,Gemeinsame Zwischenknochenarterie,Arteria interossea communis,concept
common tendinous ring,Gemeinsamer Sehnenring,Anulus tendineus communis,concept
communicating branch of nasociliary nerve with ciliary ganglion,Verbindungsast des Nasoziliarnervs zum Ziliarganglion,Ramus communicans nervi nasociliaris cum ganglio ciliari,concept
compartment of abdomen,Kompartiment des Bauches,Compartimentum abdominis,concept
compartment of thorax,Kompartiment des Brustkorbs,Compartimentum thoracis,concept
constrictor muscle of pharynx,Schlundschnürer,Musculus constrictor pharyngis,concept
content of abdomen,Inhalt des Bauches,Contentum abdominis,concept
content of anterior mediastinum,Inhalt des vorderen Mittelfellraums,Contentum mediastini anterioris,concept
content of inferior mediastinum,Inhalt des unteren Mittelfellraums,Contentum mediastini inferioris,concept
content of mediastinum,Inhalt des Mittelfellraums,Contentum mediastini,concept
content of middle mediastinum,Inhalt des mittleren Mittelfellraums,Contentum mediastini medii,concept
content of posterior mediastinum,Inhalt des hinteren Mittelfellraums,Contentum mediastini posterioris,concept
content of superior mediastinum,Inhalt des oberen Mittelfellraums,Contentum mediastini superioris,concept
content of thorax,Inhalt des Brustkorbs,Contentum thoracis,concept
conus elasticus,Conus elasticus,Conus elasticus,concept
coracobrachialis,Hakenarmmuskel,Musculus coracobrachialis,concept
cornea,Hornhaut,Cornea,concept
corniculate cartilage,Spitzenknorpel,Cartilago corniculata,concept
corona ciliaris,Ziliarkranz,Corona ciliaris,concept
coronary artery,Koronararterie,Arteria coronaria,concept
coronary sinus tree,Koronarsinusbaum,Arbor sinus coronarii,concept
cortex of left cerebral hemisphere,Rinde der linken Großhirnhemisphäre,Cortex hemispherii cerebri sinistri,concept
cortex of left frontal lobe,Rinde des linken Stirnlappens,Cortex lobi frontalis sinistri,concept
cortex of right cerebral hemisphere,Rinde der rechten Großhirnhemisphäre,Cortex hemispherii cerebri dextri,concept
cortex of right frontal lobe,Rinde des rechten Stirnlappens,Cortex lobi frontalis dextri,concept
corticomedullary organ,Rinden-Mark-Organ,Organum corticomedullare,concept
costal cartilage,Rippenknorpel,Cartilago costalis,concept
costocervical trunk,Rippen-Hals-Stamm,Truncus costocervicalis,concept
cranial nerve,Hirnnerv,Nervus cranialis,concept
cranial parasympathetic ganglion,Kraniales parasympathisches Ganglion,Ganglion parasympathicum craniale,concept
cricothyroid ligament,Ringknorpel-Schildknorpel-Band,Ligamentum cricothyroideum,concept
cuboid bone,Würfelbein,Os cuboideum,concept
cuneiform bone,Keilbein,Os cuneiforme,concept
cuneiform cartilage,Keilknorpel des Kehlkopfs,Cartilago cuneiformis,concept
cusp of aortic valve,Tasche der Aortenklappe,Valvula valvae aortae,concept
cusp of cardiac valve,Tasche der Herzklappe,Valvula valvae cordis,concept
cusp of pulmonary valve,Tasche der Pulmonalklappe,Valvula valvae trunci pulmonalis,concept
decussation,Kreuzung,Decussatio,concept
deep brachial artery,Tiefe Oberarmarterie,Arteria profunda brachii,concept
deep cervical artery,Tiefe Halsarterie,Arteria cervicalis profunda,concept
deep extrinsic muscle of shoulder,Tiefer extrinsischer Schultermuskel,Musculus extrinsecus profundus regionis deltoideae,concept
deep fascial system,Tiefes Fasziensystem,Systema fasciarum profundarum,concept
deep femoral vein,Tiefe Oberschenkelvene,Vena profunda femoris,concept
deep muscle of anterior compartment of forearm,Tiefer Muskel der vorderen Unterarmloge,Musculus profundus compartimenti antebrachii anterioris,concept
deep muscle of posterior compartment of forearm,Tiefer Muskel der hinteren Unterarmloge,Musculus profundus compartimenti antebrachii posterioris,concept
deep muscle of posterior compartment of leg,Tiefer Muskel der hinteren Unterschenkelloge,Musculus profundus compartimenti cruris posterioris,concept
deep palmar arterial arch,Tiefer Hohlhandbogen,Arcus palmaris profundus,concept
deep palmar venous arch,Tiefer Hohlhand-Venenbogen,Arcus venosus palmaris profundus,concept
deep plantar artery,Tiefe Fußsohlenarterie,Arteria plantaris profunda,concept
deep postvertebral muscle,Tiefer Rückenmuskel,Musculus dorsi profundus,concept
deferent duct,Samenleiter,Ductus deferens,concept
deltoid branch of thoraco-acromial artery,Deltaast der Brust-Schulterhöhen-Arterie,Ramus deltoideus arteriae thoracoacromialis,concept
descending branch of lateral circumflex femoral artery,Absteigender Ast der seitlichen Oberschenkel-Zirkumflexarterie,Ramus descendens arteriae circumflexae femoris lateralis,concept
descending genicular artery,Absteigende Kniearterie,Arteria descendens genus,concept
descending part of trapezius,Absteigender Anteil des Trapezmuskels,Pars descendens musculi trapezii,concept
diencephalon,Zwischenhirn,Diencephalon,concept
digastric,Zweibäuchiger Muskel,Musculus digastricus,concept
digital artery of foot,Zehenarterie,Arteria digitalis pedis,concept
distal carpal bone,Distaler Handwurzelknochen,Os carpi distale,concept
distal phalanx of big toe,Endphalanx der Großzehe,Phalanx distalis hallucis,concept
distal phalanx of fourth toe,Endphalanx der vierten Zehe,Phalanx distalis digiti quarti pedis,concept
distal phalanx of index finger,Endphalanx des Zeigefingers,Phalanx distalis indicis,concept
distal phalanx of little finger,Endphalanx des Kleinfingers,Phalanx distalis digiti minimi manus,concept
distal phalanx of little toe,Endphalanx der Kleinzehe,Phalanx distalis digiti minimi pedis,concept
distal phalanx of middle finger,Endphalanx des Mittelfingers,Phalanx distalis digiti medii,concept
distal phalanx of ring finger,Endphalanx des Ringfingers,Phalanx distalis digiti anularis,concept
distal phalanx of second toe,Endphalanx der zweiten Zehe,Phalanx distalis digiti secundi pedis,concept
distal phalanx of third toe,Endphalanx der dritten Zehe,Phalanx distalis digiti tertii pedis,concept
distal phalanx of thumb,Endphalanx des Daumens,Phalanx distalis pollicis,concept
dorsal artery of penis,Dorsale Penisarterie,Arteria dorsalis penis,concept
dorsal carpal branch of radial artery,Dorsaler Handwurzelast der Speichenarterie,Ramus carpalis dorsalis arteriae radialis,concept
dorsal carpal branch of ulnar artery,Dorsaler Handwurzelast der Ellenarterie,Ramus carpalis dorsalis arteriae ulnaris,concept
dorsal scapular artery,Dorsale Schulterblattarterie,Arteria dorsalis scapulae,concept
dorsal venous arch of foot,Dorsaler Fußvenenbogen,Arcus venosus dorsalis pedis,concept
dorsal venous network of hand,Dorsales Handvenennetz,Rete venosum dorsale manus,concept
dorsalis pedis artery,Fußrückenarterie,Arteria dorsalis pedis,concept
dorsum of nose,Nasenrücken,Dorsum nasi,concept
duct,Gang,Ductus,concept
eighth rib,Achte Rippe,Costa octava,concept
eighth thoracic intervertebral symphysis,Achte Brustwirbel-Zwischenwirbelsymphyse,Symphysis intervertebralis thoracica octava,concept
eleventh rib,Elfte Rippe,Costa undecima,concept
eleventh thoracic intervertebral symphysis,Elfte Brustwirbel-Zwischenwirbelsymphyse,Symphysis intervertebralis thoracica undecima,concept
endocrine system,Endokrines System,Systema endocrinum,concept
epididymis,Nebenhoden,Epididymis,concept
epithalamus,Epithalamus,Epithalamus,concept
extensor carpi radialis brevis,Kurzer speichenseitiger Handstrecker,Musculus extensor carpi radialis brevis,concept
extensor carpi radialis longus,Langer speichenseitiger Handstrecker,Musculus extensor carpi radialis longus,concept
extensor carpi ulnaris,Ellenseitiger Handstrecker,Musculus extensor carpi ulnaris,concept
extensor digiti minimi,Kleinfingerstrecker,Musculus extensor digiti minimi,concept
extensor digitorum,Fingerstrecker,Musculus extensor digitorum,concept
extensor digitorum longus,Langer Zehenstrecker,Musculus extensor digitorum longus,concept
extensor hallucis brevis,Kurzer Großzehenstrecker,Musculus extensor hallucis brevis,concept
extensor hallucis longus,Langer Großzehenstrecker,Musculus extensor hallucis longus,concept
extensor indicis,Zeigefingerstrecker,Musculus extensor indicis,concept
extensor pollicis brevis,Kurzer Daumenstrecker,Musculus extensor pollicis brevis,concept
extensor pollicis longus,Langer Daumenstrecker,Musculus extensor pollicis longus,concept
external iliac artery,Äußere Beckenarterie,Arteria iliaca externa,concept
external iliac vein,Äußere Beckenvene,Vena iliaca externa,concept
external nose,Äußere Nase,Nasus externus,concept
external oblique,Äußerer schräger Bauchmuskel,Musculus obliquus externus abdominis,concept
extra-ocular muscle,Äußerer Augenmuskel,Musculus externus bulbi oculi,concept
extrahepatic bile duct,Extrahepatischer Gallengang,Ductus biliaris extrahepaticus,concept
extrinsic ligament of larynx,Extrinsisches Kehlkopfband,Ligamentum laryngis extrinsecum,concept
extrinsic muscle of shoulder,Extrinsischer Schultermuskel,Musculus extrinsecus regionis deltoideae,concept
extrinsic muscle of tongue,Äußerer Zungenmuskel,Musculus linguae extrinsecus,concept
face,Gesicht,Facies,concept
false rib,Falsche Rippe,Costa spuria,concept
fascia lata of left thigh,Oberschenkelfaszie des linken Oberschenkels,Fascia lata femoris sinistri,concept
fascia lata of right thigh,Oberschenkelfaszie des rechten Oberschenkels,Fascia lata femoris dextri,concept
faucial part of mouth,Rachenenge,Isthmus faucium,concept
femoral artery,Oberschenkelarterie,Arteria femoralis,concept
femoral vein,Oberschenkelvene,Vena femoralis,concept
femur,Oberschenkelknochen,Femur,concept
fibrous layer of eyeball,Faserschicht des Augapfels,Tunica fibrosa bulbi oculi,concept
fibrous layer of left eyeball,Faserschicht des linken Augapfels,Tunica fibrosa bulbi oculi sinistri,concept
fibrous layer of right eyeball,Faserschicht des rechten Augapfels,Tunica fibrosa bulbi oculi dextri,concept
fibrous ring of mitral valve,Faserring der Mitralklappe,Anulus fibrosus valvae mitralis,concept
fibrous skeleton of heart,Herzskelett,Skeleton fibrosum cordis,concept
fibula,Wadenbein,Fibula,concept
fibular vein,Wadenbeinvene,Vena fibularis,concept
fibularis brevis,Kurzer Wadenbeinmuskel,Musculus fibularis brevis,concept
fibularis longus,Langer Wadenbeinmuskel,Musculus fibularis longus,concept
fibularis tertius,Dritter Wadenbeinmuskel,Musculus fibularis tertius,concept
fifth cervical intervertebral symphysis,Fünfte Halswirbel-Zwischenwirbelsymphyse,Symphysis intervertebralis cervicalis quinta,concept
fifth costal cartilage,Fünfter Rippenknorpel,Cartilago costalis quinta,concept
fifth lumbar intervertebral symphysis,Fünfte Lendenwirbel-Zwischenwirbelsymphyse,Symphysis intervertebralis lumbalis quinta,concept
fifth metacarpal bone,Fünfter Mittelhandknochen,Os metacarpale quintum,concept
fifth metatarsal bone,Fünfter Mittelfußknochen,Os metatarsale quintum,concept
fifth rib,Fünfte Rippe,Costa quinta,concept
fifth thoracic intervertebral symphysis,Fünfte Brustwirbel-Zwischenwirbelsymphyse,Symphysis intervertebralis thoracica quinta,concept
first common palmar digital artery,Erste gemeinsame Hohlhand-Fingerarterie,Arteria digitalis palmaris communis prima,concept
first costal cartilage,Erster Rippenknorpel,Cartilago costalis prima,concept
first lumbar intervertebral symphysis,Erste Lendenwirbel-Zwischenwirbelsymphyse,Symphysis intervertebralis lumbalis prima,concept
first lumbrical of foot,Erster Spulmuskel des Fußes,Musculus lumbricalis primus pedis,concept
first metacarpal bone,Erster Mittelhandknochen,Os metacarpale primum,concept
first metatarsal bone,Erster Mittelfußknochen,Os metatarsale primum,concept
first plantar interosseous of foot,Erster Sohlenzwischenknochenmuskel des Fußes,Musculus interosseus plantaris primus pedis,concept
first posterior intercostal artery,Erste hintere Zwischenrippenarterie,Arteria intercostalis posterior prima,concept
first rib,Erste Rippe,Costa prima,concept
first thoracic intervertebral symphysis,Erste Brustwirbel-Zwischenwirbelsymphyse,Symphysis intervertebralis thoracica prima,concept
flat bone,Platter Knochen,Os planum,concept
flexor accessorius,Viereckiger Sohlenmuskel,Musculus quadratus plantae,concept
flexor carpi radialis,Speichenseitiger Handbeuger,Musculus flexor carpi radialis,concept
flexor digiti minimi brevis of foot,Kurzer Kleinzehenbeuger des Fußes,Musculus flexor digiti minimi brevis pedis,concept
flexor digiti minimi brevis of hand,Kurzer Kleinfingerbeuger der Hand,Musculus flexor digiti minimi brevis manus,concept
flexor digitorum brevis,Kurzer Zehenbeuger,Musculus flexor digitorum brevis,concept
flexor digitorum longus,Langer Zehenbeuger,Musculus flexor digitorum longus,concept
flexor digitorum profundus,Tiefer Fingerbeuger,Musculus flexor digitorum profundus,concept
flexor digitorum superficialis,Oberflächlicher Fingerbeuger,Musculus flexor digitorum superficialis,concept
flexor hallucis longus,Langer Großzehenbeuger,Musculus flexor hallucis longus,concept
flexor pollicis brevis,Kurzer Daumenbeuger,Musculus flexor pollicis brevis,concept
flexor pollicis longus,Langer Daumenbeuger,Musculus flexor pollicis longus,concept
flexor retinaculum of wrist,Beugesehnen-Halteband des Handgelenks,Retinaculum musculorum flexorum carpi,concept
floating rib,Freie Rippe,Costa fluctuans,concept
forebrain,Vorderhirn,Prosencephalon,concept
fornix of forebrain,Fornix,Fornix,concept
fornix of neuraxis,Fornix der Neuraxis,Fornix neuraxis,concept
fourth cervical intervertebral symphysis,Vierte Halswirbel-Zwischenwirbelsymphyse,Symphysis intervertebralis cervicalis quarta,concept
fourth common palmar digital artery,Vierte gemeinsame Hohlhand-Fingerarterie,Arteria digitalis palmaris communis quarta,concept
fourth costal cartilage,Vierter Rippenknorpel,Cartilago costalis quarta,concept
fourth lumbar intervertebral symphysis,Vierte Lendenwirbel-Zwischenwirbelsymphyse,Symphysis intervertebralis lumbalis quarta,concept
fourth lumbrical of foot,Vierter Spulmuskel des Fußes,Musculus lumbricalis quartus pedis,concept
fourth metacarpal bone,Vierter Mittelhandknochen,Os metacarpale quartum,concept
fourth metatarsal bone,Vierter Mittelfußknochen,Os metatarsale quartum,concept
fourth rib,Vierte Rippe,Costa quarta,concept
fourth thoracic intervertebral symphysis,Vierte Brustwirbel-Zwischenwirbelsymphyse,Symphysis intervertebralis thoracica quarta,concept
free wall of left ventricle,Freie Wand der linken Herzkammer,Paries liber ventriculi sinistri,concept
free wall of right ventricle,Freie Wand der rechten Herzkammer,Paries liber ventriculi dextri,concept
frontal nerve,Stirnnerv,Nervus frontalis,concept
frontal part of head,Stirnregion des Kopfes,Pars frontalis capitis,concept
fusiform gyrus,Spindelförmige Windung,Gyrus fusiformis,concept
ganglion,Ganglion,Ganglion,concept
gastroduodenal artery,Magen-Duodenal-Arterie,Arteria gastroduodenalis,concept
gastrointestinal tract,Magen-Darm-Trakt,Tractus gastrointestinalis,concept
gemellus,Zwillingsmuskel,Musculus gemellus,concept
gemellus inferior,Unterer Zwillingsmuskel,Musculus gemellus inferior,concept
gemellus superior,Oberer Zwillingsmuskel,Musculus gemellus superior,concept
genicular vein,Knievene,Vena genicularis,concept
genioglossus,Kinn-Zungen-Muskel,Musculus genioglossus,concept
geniohyoid,Kinn-Zungenbein-Muskel,Musculus geniohyoideus,concept
genital system,Geschlechtssystem,Systema genitale,concept
gingiva,Zahnfleisch,Gingiva,concept
globus pallidus,Pallidum,Globus pallidus,concept
gluteal muscle,Gesäßmuskel,Musculus gluteus,concept
gluteus maximus,Großer Gesäßmuskel,Musculus gluteus maximus,concept
gluteus medius,Mittlerer Gesäßmuskel,Musculus gluteus medius,concept
gluteus minimus,Kleiner Gesäßmuskel,Musculus gluteus minimus,concept
gracilis,Schlanker Muskel,Musculus gracilis,concept
gray matter of diencephalon,Graue Substanz des Zwischenhirns,Substantia grisea diencephali,concept
gray matter of hypothalamus,Graue Substanz des Hypothalamus,Substantia grisea hypothalami,concept
gray matter of neuraxis,Graue Substanz der Neuraxis,Substantia grisea neuraxis,concept
great saphenous vein,Große Rosenvene,Vena saphena magna,concept
gyrus of neuraxis,Windung der Neuraxis,Gyrus neuraxis,concept
hair,Haar,Pilus,concept
hair of trunk,Rumpfhaar,Pilus trunci,concept
hamate,Hakenbein,Os hamatum,concept
head,Kopf,Caput,concept
head of adductor hallucis,Kopf des Großzehenanziehers,Caput musculi adductoris hallucis,concept
head of biceps femoris,Kopf des zweiköpfigen Schenkelmuskels,Caput musculi bicipitis femoris,concept
head of flexor hallucis brevis,Kopf des kurzen Großzehenbeugers,Caput musculi flexoris hallucis brevis,concept
head of gastrocnemius,Kopf des Zwillingswadenmuskels,Caput musculi gastrocnemii,concept
head of muscle organ,Kopf des Muskels,Caput musculi,concept
head of organ,Kopf des Organs,Caput organi,concept
head proper,Eigentlicher Kopf,Caput proprium,concept
heart,Herz,Cor,concept
hepatic artery,Leberarterie,Arteria hepatica,concept
hepatic biliary tree,Gallengangsystem der Leber,Arbor biliaris hepatis,concept
hepatic vein,Lebervene,Vena hepatica,concept
hepatovenous subsector,Lebervenen-Subsektor,Subsector hepatovenosus,concept
heterogeneous cluster,Heterogener Cluster,Aggregatum heterogeneum,concept
hindbrain,Rautenhirn,Rhombencephalon,concept
hip bone,Hüftbein,Os coxae,concept
hippocampus,Hippocampus,Hippocampus,concept
hollow tree organ,Hohles Baumorgan,Organum arboris cavum,concept
human body,Menschlicher Körper,Corpus humanum,concept
humeral head of flexor carpi ulnaris,Oberarmkopf des ellenseitigen Handbeugers,Caput humerale musculi flexoris carpi ulnaris,concept
humeral head of pronator teres,Oberarmkopf des runden Einwärtsdrehers,Caput humerale musculi pronatoris teretis,concept
humerus,Oberarmknochen,Humerus,concept
hyoglossus,Zungenbein-Zungen-Muskel,Musculus hyoglossus,concept
hypothalamic branch of posterior communicating artery,Hypothalamusast der hinteren Verbindungsarterie,Ramus hypothalamicus arteriae communicantis posterioris,concept
hypothenar muscle,Kleinfingerballenmuskel,Musculus hypothenaris,concept
ileum,Krummdarm,Ileum,concept
iliacus,Darmbeinmuskel,Musculus iliacus,concept
iliococcygeus,Darmbein-Steißbein-Muskel,Musculus iliococcygeus,concept
iliocostalis,Darmbein-Rippen-Muskel,Musculus iliocostalis,concept
iliocostalis cervicis,Darmbein-Rippen-Muskel des Halses,Musculus iliocostalis cervicis,concept
iliocostalis lumborum,Darmbein-Rippen-Muskel der Lende,Musculus iliocostalis lumborum,concept
iliocostalis thoracis,Darmbein-Rippen-Muskel des Brustkorbs,Musculus iliocostalis thoracis,concept
iliolumbar vein,Darmbein-Lenden-Vene,Vena iliolumbalis,concept
iliotibial tract,Iliotibialtrakt,Tractus iliotibialis,concept
immaterial anatomical entity,Immaterielle anatomische Entität,Ens anatomicum immateriale,concept
incisor tooth,Schneidezahn,Dens incisivus,concept
inferior branch of ileocolic artery,Unterer Ast der Ileokolikarterie,Ramus inferior arteriae ileocolicae,concept
inferior branch of oculomotor nerve,Unterer Ast des Augenbewegungsnervs,Ramus inferior nervi oculomotorii,concept
inferior colliculus,Unterer Hügel,Colliculus inferior,concept
inferior division of upper lobe part of left bronchial tree,Unterer Ast des Oberlappenteils des linken Bronchialbaums,Ramus inferior partis lobi superioris arboris bronchialis sinistrae,concept
inferior epigastric artery,Untere Bauchdeckenarterie,Arteria epigastrica inferior,concept
inferior epigastric vein,Untere Bauchdeckenvene,Vena epigastrica inferior,concept
inferior frontal gyrus,Untere Stirnwindung,Gyrus frontalis inferior,concept
inferior genicular artery,Untere Kniearterie,Arteria inferior genus,concept
inferior gluteal vein,Untere Gesäßvene,Vena glutea inferior,concept
inferior lateral genicular artery,Untere seitliche Kniearterie,Arteria inferior lateralis genus,concept
inferior lingular bronchopulmonary segment,Unteres Lingula- Lungensegment,Segmentum bronchopulmonale lingulare inferius,concept
inferior medial genicular artery,Untere mediale Kniearterie,Arteria inferior medialis genus,concept
inferior mediastinum,Unterer Mittelfellraum,Mediastinum inferius,concept
inferior nasal concha,Untere Nasenmuschel,Concha nasalis inferior,concept
inferior oblique,Unterer schräger Augenmuskel,Musculus obliquus inferior,concept
inferior oblique part of longus colli,Unterer schräger Anteil des langen Halsmuskels,Pars obliqua inferior musculi longi colli,concept
inferior part of anterior segmental vein,Unterer Teil der vorderen Segmentvene,Pars inferior venae segmentalis anterioris,concept
inferior pharyngeal constrictor,Unterer Schlundschnürer,Musculus constrictor pharyngis inferior,concept
inferior phrenic artery,Untere Zwerchfellarterie,Arteria phrenica inferior,concept
inferior pulmonary vein,Untere Lungenvene,Vena pulmonalis inferior,concept
inferior rectus,Unterer gerader Augenmuskel,Musculus rectus inferior,concept
inferior segmental renal artery,Untere Nierensegmentarterie,Arteria segmentalis renalis inferior,concept
inferior suprarenal artery,Untere Nebennierenarterie,Arteria suprarenalis inferior,concept
inferior systemic venous tree,Unterer Körpervenenbaum,Arbor venosa systemica inferior,concept
inferior temporal gyrus,Untere Schläfenwindung,Gyrus temporalis inferior,concept
inferior terminal branch of middle cerebral artery,Unterer terminaler Ast der mittleren Hirnarterie,Ramus terminalis inferior arteriae cerebri mediae,concept
inferior thyroid artery,Untere Schilddrüsenarterie,Arteria thyroidea inferior,concept
inferior ulnar collateral artery,Untere Ellen-Kollateralarterie,Arteria collateralis ulnaris inferior,concept
inferior wall of left ventricle,Untere Wand der linken Herzkammer,Paries inferior ventriculi sinistri,concept
inferior wall of right ventricle,Untere Wand der rechten Herzkammer,Paries inferior ventriculi dextri,concept
inferomedial branch of right pulmonary artery,Inferomedialer Ast der rechten Lungenarterie,Ramus inferomedialis arteriae pulmonalis dextrae,concept
inferomedial part of right bronchial tree,Inferomedialer Teil des rechten Bronchialbaums,Pars inferomedialis arboris bronchialis dextrae,concept
inflow part of left ventricle,Einflussteil der linken Herzkammer,Pars afferens ventriculi sinistri,concept
inflow part of right ventricle,Einflussteil der rechten Herzkammer,Pars afferens ventriculi dextri,concept
infrahyoid muscle,Unterzungenbeinmuskel,Musculus infrahyoideus,concept
infraspinatus,Untergrätenmuskel,Musculus infraspinatus,concept
infratrochlear nerve,Nervus infratrochlearis,Nervus infratrochlearis,concept
insula,Inselrinde,Insula,concept
insular part of middle cerebral artery,Insulärer Teil der mittleren Hirnarterie,Pars insularis arteriae cerebri mediae,concept
integument,Hautdecke,Integumentum commune,concept
integumentary system,Hautsystem,Systema integumentale,concept
intercostal muscle,Zwischenrippenmuskel,Musculus intercostalis,concept
intermediate cuneiform bone,Mittleres Keilbein,Os cuneiforme intermedium,concept
intermediate hypothalamic region,Mittlere Hypothalamusregion,Regio hypothalamica intermedia,concept
intermediate postvertebral muscle,Mittlerer Rückenmuskel,Musculus dorsi intermedius,concept
intermediate tendon,Zwischensehne,Tendo intermedius,concept
intermediomedial branch of callosomarginal artery,Intermediomedialer Ast der Callosomarginalarterie,Ramus intermediomedialis arteriae callosomarginalis,concept
internal capsule,Innere Kapsel,Capsula interna,concept
internal carotid artery,Innere Halsschlagader,Arteria carotis interna,concept
internal gray matter component,Innere Komponente der grauen Substanz,Componens interna substantiae griseae,concept
internal iliac artery,Innere Beckenarterie,Arteria iliaca interna,concept
internal iliac vein,Innere Beckenvene,Vena iliaca interna,concept
internal jugular vein,Innere Drosselvene,Vena jugularis interna,concept
internal nose,Innere Nase,Nasus internus,concept
internal pudendal vein,Innere Schamvene,Vena pudenda interna,concept
internal thoracic artery,Innere Brustwandarterie,Arteria thoracica interna,concept
internal thoracic vein,Innere Brustwandvene,Vena thoracica interna,concept
interosseous membrane,Zwischenknochenmembran,Membrana interossea,concept
interosseous membrane of forearm,Zwischenknochenmembran des Unterarms,Membrana interossea antebrachii,concept
interosseous membrane of leg,Zwischenknochenmembran des Unterschenkels,Membrana interossea cruris,concept
interosseous of foot,Zwischenknochenmuskel des Fußes,Musculus interosseus pedis,concept
interspinalis muscle,Zwischendornmuskel,Musculus interspinalis,concept
interspinalis thoracis,Zwischendornmuskel des Brustkorbs,Musculus interspinalis thoracis,concept
intertransversarius muscle,Zwischenquerfortsatzmuskel,Musculus intertransversarius,concept
intervertebral disk of cervical vertebra,Bandscheibe des Halswirbels,Discus intervertebralis vertebrae cervicalis,concept
intervertebral disk of lumbar vertebra,Bandscheibe des Lendenwirbels,Discus intervertebralis vertebrae lumbalis,concept
intervertebral disk of thoracic vertebra,Bandscheibe des Brustwirbels,Discus intervertebralis vertebrae thoracicae,concept
intervertebral symphysis,Zwischenwirbelsymphyse,Symphysis intervertebralis,concept
intervertebral symphysis of axis,Zwischenwirbelsymphyse des Axis,Symphysis intervertebralis axis,concept
intracranial branch of vertebral artery,Intrakranialer Ast der Wirbelarterie,Ramus intracranialis arteriae vertebralis,concept
intrahepatic biliary tree,Intrahepatisches Gallengangsystem,Arbor biliaris intrahepatica,concept
intrapulmonary part of left inferior pulmonary vein,Intrapulmonaler Teil der linken unteren Lungenvene,Pars intrapulmonalis venae pulmonalis inferioris sinistrae,concept
intrapulmonary part of left pulmonary artery,Intrapulmonaler Teil der linken Lungenarterie,Pars intrapulmonalis arteriae pulmonalis sinistrae,concept
intrapulmonary part of left superior pulmonary vein,Intrapulmonaler Teil der linken oberen Lungenvene,Pars intrapulmonalis venae pulmonalis superioris sinistrae,concept
intrapulmonary part of right inferior pulmonary vein,Intrapulmonaler Teil der rechten unteren Lungenvene,Pars intrapulmonalis venae pulmonalis inferioris dextrae,concept
intrapulmonary part of right pulmonary artery,Intrapulmonaler Teil der rechten Lungenarterie,Pars intrapulmonalis arteriae pulmonalis dextrae,concept
intrapulmonary part of right superior pulmonary vein,Intrapulmonaler Teil der rechten oberen Lungenvene,Pars intrapulmonalis venae pulmonalis superioris dextrae,concept
intrinsic ligament of larynx,Intrinsisches Kehlkopfband,Ligamentum laryngis intrinsecum,concept
intrinsic muscle of dorsum of foot,Intrinsischer Muskel des Fußrückens,Musculus intrinsecus dorsi pedis,concept
intrinsic muscle of foot,Intrinsischer Fußmuskel,Musculus intrinsecus pedis,concept
intrinsic muscle of hand,Intrinsischer Handmuskel,Musculus intrinsecus manus,concept
intrinsic muscle of larynx,Innerer Kehlkopfmuskel,Musculus laryngis intrinsecus,concept
intrinsic muscle of plantar part of foot,Intrinsischer Muskel der Fußsohle,Musculus intrinsecus plantae pedis,concept
intrinsic muscle of shoulder,Intrinsischer Schultermuskel,Musculus intrinsecus regionis deltoideae,concept
investing fascia of left forearm,Hüllfaszie des linken Unterarms,Fascia investiens antebrachii sinistri,concept
investing fascia of left free lower limb,Hüllfaszie der linken freien unteren Gliedmaße,Fascia investiens partis liberae membri inferioris sinistrae,concept
investing fascia of left free upper limb,Hüllfaszie der linken freien oberen Gliedmaße,Fascia investiens partis liberae membri superioris sinistrae,concept
investing fascia of left lower limb,Hüllfaszie der linken unteren Gliedmaße,Fascia investiens membri inferioris sinistri,concept
investing fascia of left thigh,Hüllfaszie des linken Oberschenkels,Fascia investiens femoris sinistri,concept
investing fascia of left wrist,Hüllfaszie des linken Handgelenks,Fascia investiens carpi sinistri,concept
investing fascia of right forearm,Hüllfaszie des rechten Unterarms,Fascia investiens antebrachii dextri,concept
investing fascia of right free lower limb,Hüllfaszie der rechten freien unteren Gliedmaße,Fascia investiens partis liberae membri inferioris dextrae,concept
investing fascia of right free upper limb,Hüllfaszie der rechten freien oberen Gliedmaße,Fascia investiens partis liberae membri superioris dextrae,concept
investing fascia of right lower limb,Hüllfaszie der rechten unteren Gliedmaße,Fascia investiens membri inferioris dextri,concept
investing fascia of right thigh,Hüllfaszie des rechten Oberschenkels,Fascia investiens femoris dextri,concept
investing fascia of right upper limb,Hüllfaszie der rechten oberen Gliedmaße,Fascia investiens membri superioris dextri,concept
investing fascia of right wrist,Hüllfaszie des rechten Handgelenks,Fascia investiens carpi dextri,concept
iris,Regenbogenhaut,Iris,concept
irregular bone,Unregelmäßiger Knochen,Os irregulare,concept
irregular connective tissue,Ungeordnetes Bindegewebe,Textus connectivus irregularis,concept
jejunum,Leerdarm,Jejunum,concept
kidney,Niere,Ren,concept
lacrimal bone,Tränenbein,Os lacrimale,concept
lacrimal canaliculus,Tränenkanälchen,Canaliculus lacrimalis,concept
lacrimal gland,Tränendrüse,Glandula lacrimalis,concept
lacrimal lake,Tränensee,Lacus lacrimalis,concept
lacrimal nerve,Tränennerv,Nervus lacrimalis,concept
lacrimal sac,Tränensack,Saccus lacrimalis,concept
lamina of cerebral hemisphere,Lamina der Großhirnhemisphäre,Lamina hemispherii cerebri,concept
lamina of neuraxis,Lamina der Neuraxis,Lamina neuraxis,concept
large intestine,Dickdarm,Intestinum crassum,concept
laryngeal cartilage,Kehlkopfknorpel,Cartilago laryngis,concept
lateral basal segmental artery,Seitliche basale Segmentarterie,Arteria segmentalis basalis lateralis,concept
lateral basal segmental bronchial tree,Seitlicher basaler Segmentbronchialbaum,Arbor bronchialis segmentalis basalis lateralis,concept
lateral basal segmental vein,Seitliche basale Segmentvene,Vena segmentalis basalis lateralis,concept
lateral branch of anterior basal segmental artery,Seitlicher Ast der vorderen basalen Segmentarterie,Ramus lateralis arteriae segmentalis basalis anterioris,concept
lateral branch of left portal vein,Seitlicher Ast der linken Pfortader,Ramus lateralis venae portae sinistrae,concept
lateral branch of pontine artery,Seitlicher Ast der Brückenarterie,Ramus lateralis arteriae pontis,concept
lateral branch of superior segmental artery,Seitlicher Ast der oberen Segmentarterie,Ramus lateralis arteriae segmentalis superioris,concept
lateral bronchopulmonary segment,Seitliches Lungensegment,Segmentum bronchopulmonale laterale,concept
lateral circumflex femoral artery,Seitliche Oberschenkel-Zirkumflexarterie,Arteria circumflexa femoris lateralis,concept
lateral circumflex femoral vein,Seitliche Oberschenkel-Zirkumflexvene,Vena circumflexa femoris lateralis,concept
lateral crico-arytenoid,Seitlicher Ringknorpel-Stellknorpel-Muskel,Musculus cricoarytenoideus lateralis,concept
lateral cuneiform bone,Äußeres Keilbein,Os cuneiforme laterale,concept
lateral frontobasal artery,Seitliche Frontobasalarterie,Arteria frontobasalis lateralis,concept
lateral geniculate body,Seitlicher Kniehöcker,Corpus geniculatum laterale,concept
lateral head of flexor hallucis brevis,Seitlicher Kopf des kurzen Großzehenbeugers,Caput laterale musculi flexoris hallucis brevis,concept
lateral head of gastrocnemius,Seitlicher Kopf des Zwillingswadenmuskels,Caput laterale musculi gastrocnemii,concept
lateral head of triceps brachii,Seitlicher Kopf des dreiköpfigen Oberarmmuskels,Caput laterale musculi tricipitis brachii,concept
lateral nasal cartilage,Seitlicher Nasenknorpel,Cartilago nasi lateralis,concept
lateral occipital artery,Seitliche Hinterhauptarterie,Arteria occipitalis lateralis,concept
lateral plantar artery,Seitliche Fußsohlenarterie,Arteria plantaris lateralis,concept
lateral proper palmar digital artery of little finger,Seitliche eigentliche Hohlhand-Fingerarterie des Kleinfingers,Arteria digitalis palmaris propria lateralis digiti minimi,concept
lateral proper palmar digital artery of middle finger,Seitliche eigentliche Hohlhand-Fingerarterie des Mittelfingers,Arteria digitalis palmaris propria lateralis digiti medii,concept
lateral proper palmar digital artery of ring finger,Seitliche eigentliche Hohlhand-Fingerarterie des Ringfingers,Arteria digitalis palmaris propria lateralis digiti anularis,concept
lateral rectus,Seitlicher gerader Augenmuskel,Musculus rectus lateralis,concept
lateral sacral vein,Seitliche Kreuzbeinvene,Vena sacralis lateralis,concept
lateral segmental artery,Seitliche Segmentarterie,Arteria segmentalis lateralis,concept
lateral segmental hepatic artery,Seitliche Lebersegmentarterie,Arteria segmentalis hepatica lateralis,concept
lateral segmental vein,Seitliche Segmentvene,Vena segmentalis lateralis,concept
lateral superior cerebellar artery,Seitliche obere Kleinhirnarterie,Arteria superior cerebelli lateralis,concept
lateral tarsal artery,Seitliche Fußwurzelarterie,Arteria tarsalis lateralis,concept
lateral thoracic artery,Seitliche Brustwandarterie,Arteria thoracica lateralis,concept
lateral thoracic vein,Seitliche Brustwandvene,Vena thoracica lateralis,concept
lateral thyrohyoid ligament,Seitliches Schildknorpel-Zungenbein-Band,Ligamentum thyrohyoideum laterale,concept
lateral tributary of left hepatic biliary tree,Seitlicher Zufluss des linken Gallengangsystems,Ramus lateralis arboris biliaris sinistri,concept
lateral ventricle,Seitenventrikel,Ventriculus lateralis,concept
lateral wall of left ventricle,Seitliche Wand der linken Herzkammer,Paries lateralis ventriculi sinistri,concept
laterobasal branch of posterior basal segmental artery,Laterobasaler Ast der hinteren basalen Segmentarterie,Ramus laterobasalis arteriae segmentalis basalis posterioris,concept
layer of wall of eyeball,Wandschicht des Augapfels,Tunica bulbi oculi,concept
leaf of cardiac valve,Segel einer Herzklappe,Cuspis valvae cordis,concept
leaflet of mitral valve,Segel der Mitralklappe,Cuspis valvae mitralis,concept
leaflet of tricuspid valve,Segel der Trikuspidalklappe,Cuspis valvae tricuspidalis,concept
left anterior basal bronchopulmonary segment,Linkes vorderes basales Lungensegment,Segmentum bronchopulmonale basale anterius sinistrum,concept
left anterior bronchopulmonary segment,Linkes vorderes Lungensegment,Segmentum bronchopulmonale anterius sinistrum,concept
left apical bronchopulmonary segment,Linkes apikales Lungensegment,Segmentum bronchopulmonale apicale sinistrum,concept
left archicortex,Linker Archikortex,Archicortex sinister,concept
left arm,Linker Oberarm,Brachium sinistrum,concept
left atrium,Linker Vorhof,Atrium sinistrum,concept
left basal segmental artery,Linke basale Segmentarterie,Arteria segmentalis basalis sinistra,concept
left big toe,Linke Großzehe,Hallux sinister,concept
left bony pectoral girdle,Linker knöcherner Schultergürtel,Cingulum pectorale osseum sinistrum,concept
left bronchial tree,Linker Bronchialbaum,Arbor bronchialis sinistra,concept
left cerebral hemisphere,Linke Großhirnhemisphäre,Hemispherium cerebri sinistrum,concept
left cheek,Linke Wange,Bucca sinistra,concept
left common basal vein,Linke gemeinsame Basalvene,Vena basalis communis sinistra,concept
left coronary artery,Linke Koronararterie,Arteria coronaria sinistra,concept
left costocervical artery,Linker Rippen-Hals-Stamm,Truncus costocervicalis sinister,concept
left deep femoral artery,Linke tiefe Oberschenkelarterie,Arteria profunda femoris sinistra,concept
left eye,Linkes Auge,Oculus sinister,concept
left eyeball,Linker Augapfel,Bulbus oculi sinister,concept
left foot,Linker Fuß,Pes sinister,concept
left foot proper,Linker eigentlicher Fuß,Pes proprius sinister,concept
left forearm,Linker Unterarm,Antebrachium sinistrum,concept
left fourth toe,Linke vierte Zehe,Digitus quartus pedis sinister,concept
left free lower limb,Linke freie untere Gliedmaße,Pars libera membri inferioris sinistra,concept
left free upper limb,Linke freie obere Gliedmaße,Pars libera membri superioris sinistra,concept
left frontal lobe,Linker Stirnlappen,Lobus frontalis sinister,concept
left hand,Linke Hand,Manus sinistra,concept
left hand proper,Linke eigentliche Hand,Manus propria sinistra,concept
left hemiliver,Linke Leberhälfte,Hemihepar sinistrum,concept
left hepatic artery,Linke Leberarterie,Arteria hepatica sinistra,concept
left hepatic biliary tree,Linkes Gallengangsystem der Leber,Arbor biliaris hepatis sinistra,concept
left hip,Linke Hüfte,Coxa sinistra,concept
left hippocampal formation,Linke Hippocampusformation,Formatio hippocampi sinistra,concept
left index finger,Linker Zeigefinger,Index sinister,concept
left inferior basal vein,Linke untere Basalvene,Vena basalis inferior sinistra,concept
left knee,Linkes Knie,Genu sinistrum,concept
left lacrimal apparatus,Linker Tränenapparat,Apparatus lacrimalis sinister,concept
left lacrimal duct,Linker Tränengang,Ductus lacrimalis sinister,concept
left lateral basal bronchopulmonary segment,Linkes seitliches basales Lungensegment,Segmentum bronchopulmonale basale laterale sinistrum,concept
left lateral chest wall,Linke seitliche Brustwand,Paries pectoris lateralis sinister,concept
left lateral superficial chest wall,Linke seitliche oberflächliche Brustwand,Paries pectoris superficialis lateralis sinister,concept
left lateral wall of internal nose,Linke Seitenwand der inneren Nase,Paries lateralis sinister nasi interni,concept
left leg,Linker Unterschenkel,Crus sinistrum,concept
left limbic lobe,Linker limbischer Lappen,Lobus limbicus sinister,concept
left little finger,Linker Kleinfinger,Digitus minimus manus sinister,concept
left little toe,Linke Kleinzehe,Digitus minimus pedis sinister,concept
left lobe of liver,Linker Leberlappen,Lobus hepatis sinister,concept
left lower eyelid,Linkes Unterlid,Palpebra inferior sinistra,concept
left lower limb,Linke untere Gliedmaße,Membrum inferius sinistrum,concept
left lower lobar artery,Linke untere Lappenarterie,Arteria lobaris inferior sinistra,concept
left lung,Linke Lunge,Pulmo sinister,concept
left medial basal bronchopulmonary segment,Linkes mediales basales Lungensegment,Segmentum bronchopulmonale basale mediale sinistrum,concept
left middle finger,Linker Mittelfinger,Digitus medius sinister,concept
left orbit,Linke Augenhöhle,Orbita sinistra,concept
left orbital compartment,Linkes Augenhöhlenkompartiment,Compartimentum orbitale sinistrum,concept
left orbital content,Inhalt der linken Augenhöhle,Contentum orbitae sinistrae,concept
left parietal lobe,Linker Scheitellappen,Lobus parietalis sinister,concept
left parietal part of head,Linke Scheitelregion des Kopfes,Pars parietalis sinistra capitis,concept
left pectoral girdle,Linker Schultergürtel,Cingulum pectorale sinistrum,concept
left pectoral part of chest,Linke Brustregion,Pars pectoralis sinistra pectoris,concept
left pectoralis major,Linker großer Brustmuskel,Musculus pectoralis major sinister,concept
left pelvic girdle,Linker Beckengürtel,Cingulum pelvicum sinistrum,concept
left pontine artery,Linke Brückenarterie,Arteria pontis sinistra,concept
left posterior basal bronchopulmonary segment,Linkes hinteres basales Lungensegment,Segmentum bronchopulmonale basale posterius sinistrum,concept
left posterior bronchopulmonary segment,Linkes hinteres Lungensegment,Segmentum bronchopulmonale posterius sinistrum,concept
left posterior cerebral artery,Linke hintere Hirnarterie,Arteria cerebri posterior sinistra,concept
left posterior choroidal artery,Linke hintere Aderhautarterie,Arteria choroidea posterior sinistra,concept
left prefrontal cortex,Linker präfrontaler Kortex,Cortex prefrontalis sinister,concept
left pulmopleural compartment,Linkes Lungen-Pleura-Kompartiment,Compartimentum pulmopleurale sinistrum,concept
left ring finger,Linker Ringfinger,Digitus anularis sinister,concept
left second toe,Linke zweite Zehe,Digitus secundus pedis sinister,concept
left side of bony pelvis,Linke Hälfte des knöchernen Beckens,Latus sinistrum pelvis osseae,concept
left side of heart,Linke Herzhälfte,Latus cordis sinistrum,concept
left side of internal nose,Linke Seite der inneren Nase,Latus nasi interni sinistrum,concept
left side of rib cage,Linke Hälfte des Brustkorbskeletts,Latus sinistrum caveae thoracis,concept
left superior basal vein,Linke obere Basalvene,Vena basalis superior sinistra,concept
left superior bronchopulmonary segment,Linkes oberes Lungensegment,Segmentum bronchopulmonale superius sinistrum,concept
left temporal lobe,Linker Schläfenlappen,Lobus temporalis sinister,concept
left thigh,Linker Oberschenkel,Femur sinistrum,concept
left third toe,Linke dritte Zehe,Digitus tertius pedis sinister,concept
left thoraco-acromial artery,Linke Brust-Schulterhöhen-Arterie,Arteria thoracoacromialis sinistra,concept
left thumb,Linker Daumen,Pollex sinister,concept
left thyrocervical artery,Linker Schilddrüsen-Hals-Stamm,Truncus thyrocervicalis sinister,concept
left upper eyelid,Linkes Oberlid,Palpebra superior sinistra,concept
left upper limb,Linke obere Gliedmaße,Membrum superius sinistrum,concept
left upper lobar artery,Linke obere Lappenarterie,Arteria lobaris superior sinistra,concept
left upper lobar vein,Linke obere Lappenvene,Vena lobaris superior sinistra,concept
left upper urinary tract,Linke obere Harnwege,Tractus urinarius superior sinister,concept
left ventricle,Linke Herzkammer,Ventriculus sinister,concept
left wrist,Linkes Handgelenk,Carpus sinister,concept
lens,Linse,Lens,concept
levator palpebrae superioris,Oberlidheber,Musculus levator palpebrae superioris,concept
levator scapulae,Schulterblattheber,Musculus levator scapulae,concept
levator veli palatini,Gaumensegelheber,Musculus levator veli palatini,concept
ligament of larynx,Band des Kehlkopfs,Ligamentum laryngis,concept
ligament of limb,Band der Gliedmaße,Ligamentum membri,concept
ligament of lower limb,Band der unteren Gliedmaße,Ligamentum membri inferioris,concept
ligament organ,Band,Ligamentum,concept
ligament organ component,Bandkomponente,Componens ligamenti,concept
lingular vein,Lingula-Vene,Vena lingularis,concept
liver,Leber,Hepar,concept
lobar artery,Lappenarterie,Arteria lobaris,concept
lobe of cerebral hemisphere,Lappen der Großhirnhemisphäre,Lobus hemispherii cerebri,concept
lobe of thymus,Thymuslappen,Lobus thymi,concept
lobular organ,Läppchenorgan,Organum lobulare,concept
lobular organ component,Läppchenorgankomponente,Componens organi lobularis,concept
lobular segment,Läppchensegment,Segmentum lobulare,concept
lobule of cerebral hemisphere,Läppchen der Großhirnhemisphäre,Lobulus hemispherii cerebri,concept
long bone,Röhrenknochen,Os longum,concept
long ciliary nerve,Langer Ziliarnerv,Nervus ciliaris longus,concept
long head of biceps brachii,Langer Kopf des zweiköpfigen Oberarmmuskels,Caput longum musculi bicipitis brachii,concept
long head of biceps femoris,Langer Kopf des zweiköpfigen Schenkelmuskels,Caput longum musculi bicipitis femoris,concept
long head of triceps brachii,Langer Kopf des dreiköpfigen Oberarmmuskels,Caput longum musculi tricipitis brachii,concept
long plantar ligament,Langes Fußsohlenband,Ligamentum plantare longum,concept
longissimus,Längster Rückenmuskel,Musculus longissimus,concept
longissimus capitis,Längster Muskel des Kopfes,Musculus longissimus capitis,concept
longissimus cervicis,Längster Muskel des Halses,Musculus longissimus cervicis,concept
longissimus thoracis,Längster Muskel des Brustkorbs,Musculus longissimus thoracis,concept
longus capitis,Langer Kopfmuskel,Musculus longus capitis,concept
loose connective tissue,Lockeres Bindegewebe,Textus connectivus laxus,concept
lower central secondary incisor tooth,Unterer mittlerer Schneidezahn,Dens incisivus medialis inferior,concept
lower first secondary molar tooth,Unterer erster Molar,Dens molaris primus inferior,concept
lower first secondary premolar tooth,Unterer erster Prämolar,Dens premolaris primus inferior,concept
lower gastrointestinal tract,Unterer Magen-Darm-Trakt,Tractus gastrointestinalis inferior,concept
lower jaw,Unterkiefer,Mandibula,concept
lower lateral secondary incisor tooth,Unterer seitlicher Schneidezahn,Dens incisivus lateralis inferior,concept
lower limb,Untere Gliedmaße,Membrum inferius,concept
lower lobe of left lung,Unterlappen der linken Lunge,Lobus inferior pulmonis sinistri,concept
lower lobe of right lung,Unterlappen der rechten Lunge,Lobus inferior pulmonis dextri,concept
lower lobe part of left bronchial tree,Unterlappenteil des linken Bronchialbaums,Pars lobi inferioris arboris bronchialis sinistrae,concept
lower lobe part of right bronchial tree,Unterlappenteil des rechten Bronchialbaums,Pars lobi inferioris arboris bronchialis dextrae,concept
lower respiratory tract,Untere Atemwege,Tractus respiratorius inferior,concept
lower second secondary molar tooth,Unterer zweiter Molar,Dens molaris secundus inferior,concept
lower second secondary premolar tooth,Unterer zweiter Prämolar,Dens premolaris secundus inferior,concept
lower secondary canine tooth,Unterer Eckzahn,Dens caninus inferior,concept
lower secondary incisor tooth,Unterer Schneidezahn,Dens incisivus inferior,concept
lower secondary molar tooth,Unterer Molar,Dens molaris inferior,concept
lower secondary premolar tooth,Unterer Prämolar,Dens premolaris inferior,concept
lower urinary tract,Untere Harnwege,Tractus urinarius inferior,concept
lumbar intertransversarius,Zwischenquerfortsatzmuskel der Lende,Musculus intertransversarius lumborum,concept
lumbar rotator,Lendendrehmuskel,Musculus rotator lumborum,concept
lumbar vertebra,Lendenwirbel,Vertebra lumbalis,concept
lumbar vertebral column,Lendenwirbelsäule,Columna vertebralis lumbalis,concept
lumbrical of foot,Spulmuskel des Fußes,Musculus lumbricalis pedis,concept
lunate,Mondbein,Os lunatum,concept
main bronchus,Hauptbronchus,Bronchus principalis,concept
major alar cartilage,Großer Flügelknorpel,Cartilago alaris major,concept
major salivary gland,Große Speicheldrüse,Glandula salivaria major,concept
mandibular part of mouth,Unterkieferteil des Mundes,Pars mandibularis oris,concept
material anatomical entity,Materielle anatomische Entität,Ens anatomicum materiale,concept
maxilla,Oberkiefer,Maxilla,concept
maxillary part of mouth,Oberkieferteil des Mundes,Pars maxillaris oris,concept
medial basal segmental artery,Mediale basale Segmentarterie,Arteria segmentalis basalis medialis,concept
medial basal segmental bronchial tree,Medialer basaler Segmentbronchialbaum,Arbor bronchialis segmentalis basalis medialis,concept
medial basal segmental vein,Mediale basale Segmentvene,Vena segmentalis basalis medialis,concept
medial brachial vein,Mediale Oberarmvene,Vena brachialis medialis,concept
medial branch of left portal vein,Medialer Ast der linken Pfortader,Ramus medialis venae portae sinistrae,concept
medial branch of pontine artery,Medialer Ast der Brückenarterie,Ramus medialis arteriae pontis,concept
medial branch of superior cerebellar artery,Medialer Ast der oberen Kleinhirnarterie,Ramus medialis arteriae superioris cerebelli,concept
medial branch of superior segmental artery,Medialer Ast der oberen Segmentarterie,Ramus medialis arteriae segmentalis superioris,concept
medial bronchopulmonary segment,Mediales Lungensegment,Segmentum bronchopulmonale mediale,concept
medial circumflex femoral vein,Mediale Oberschenkel-Zirkumflexvene,Vena circumflexa femoris medialis,concept
medial collateral artery,Mittlere Kollateralarterie,Arteria collateralis media,concept
medial cuneiform bone,Inneres Keilbein,Os cuneiforme mediale,concept
medial frontobasal artery,Mediale Frontobasalarterie,Arteria frontobasalis medialis,concept
medial geniculate body,Medialer Kniehöcker,Corpus geniculatum mediale,concept
medial head of flexor hallucis brevis,Medialer Kopf des kurzen Großzehenbeugers,Caput mediale musculi flexoris hallucis brevis,concept
medial head of gastrocnemius,Medialer Kopf des Zwillingswadenmuskels,Caput mediale musculi gastrocnemii,concept
medial head of triceps brachii,Medialer Kopf des dreiköpfigen Oberarmmuskels,Caput mediale musculi tricipitis brachii,concept
medial occipital artery,Mediale Hinterhauptarterie,Arteria occipitalis medialis,concept
medial plantar artery,Mediale Fußsohlenarterie,Arteria plantaris medialis,concept
medial proper palmar digital artery of index finger,Mediale eigentliche Hohlhand-Fingerarterie des Zeigefingers,Arteria digitalis palmaris propria medialis indicis,concept
medial proper palmar digital artery of middle finger,Mediale eigentliche Hohlhand-Fingerarterie des Mittelfingers,Arteria digitalis palmaris propria medialis digiti medii,concept
medial proper palmar digital artery of ring finger,Mediale eigentliche Hohlhand-Fingerarterie des Ringfingers,Arteria digitalis palmaris propria medialis digiti anularis,concept
medial rectus,Innerer gerader Augenmuskel,Musculus rectus medialis,concept
medial segmental artery,Mediale Segmentarterie,Arteria segmentalis medialis,concept
medial segmental hepatic artery,Mediale Lebersegmentarterie,Arteria segmentalis hepatica medialis,concept
medial segmental vein,Mediale Segmentvene,Vena segmentalis medialis,concept
medial tributary of left hepatic biliary tree,Medialer Zufluss des linken Gallengangsystems,Ramus medialis arboris biliaris sinistri,concept
median antebrachial vein,Mittlere Unterarmvene,Vena mediana antebrachii,concept
median cubital vein,Mittlere Ellenbeugenvene,Vena mediana cubiti,concept
mediastinum,Mittelfellraum,Mediastinum,concept
mediobasal branch of posterior basal segmental artery,Mediobasaler Ast der hinteren basalen Segmentarterie,Ramus mediobasalis arteriae segmentalis basalis posterioris,concept
membrane organ,Membran,Membrana,concept
membrane organ component,Membrankomponente,Componens membranae,concept
membranous layer,Membranöse Schicht,Stratum membranosum,concept
mesentery of large intestine,Dickdarmgekröse,Mesocolon,concept
metacarpal bone,Mittelhandknochen,Os metacarpale,concept
metatarsal bone,Mittelfußknochen,Os metatarsale,concept
metencephalon,Hinterhirn,Metencephalon,concept
midbrain tectum,Mittelhirndach,Tectum mesencephali,concept
middle frontal gyrus,Mittlere Stirnwindung,Gyrus frontalis medius,concept
middle genicular artery,Mittlere Kniearterie,Arteria media genus,concept
middle lobar artery,Mittlere Lappenarterie,Arteria lobaris media,concept
middle lobar vein,Mittlere Lappenvene,Vena lobaris media,concept
middle lobe of lung,Mittellappen der Lunge,Lobus medius pulmonis,concept
middle lobe part of right bronchial tree,Mittellappenteil des rechten Bronchialbaums,Pars lobi medii arboris bronchialis dextrae,concept
middle mediastinum,Mittlerer Mittelfellraum,Mediastinum medium,concept
middle phalanx of fourth toe,Mittelphalanx der vierten Zehe,Phalanx media digiti quarti pedis,concept
middle phalanx of index finger,Mittelphalanx des Zeigefingers,Phalanx media indicis,concept
middle phalanx of little finger,Mittelphalanx des Kleinfingers,Phalanx media digiti minimi manus,concept
middle phalanx of little toe,Mittelphalanx der Kleinzehe,Phalanx media digiti minimi pedis,concept
middle phalanx of middle finger,Mittelphalanx des Mittelfingers,Phalanx media digiti medii,concept
middle phalanx of ring finger,Mittelphalanx des Ringfingers,Phalanx media digiti anularis,concept
middle phalanx of second toe,Mittelphalanx der zweiten Zehe,Phalanx media digiti secundi pedis,concept
middle phalanx of third toe,Mittelphalanx der dritten Zehe,Phalanx media digiti tertii pedis,concept
middle pharyngeal constrictor,Mittlerer Schlundschnürer,Musculus constrictor pharyngis medius,concept
middle suprarenal artery,Mittlere Nebennierenarterie,Arteria suprarenalis media,concept
middle temporal branch of lateral occipital artery,Mittlerer Schläfenast der seitlichen Hinterhauptarterie,Ramus temporalis medius arteriae occipitalis lateralis,concept
middle temporal branch of middle cerebral artery,Mittlerer Schläfenast der mittleren Hirnarterie,Ramus temporalis medius arteriae cerebri mediae,concept
middle temporal gyrus,Mittlere Schläfenwindung,Gyrus temporalis medius,concept
mitral valve,Mitralklappe,Valva mitralis,concept
molar tooth,Molar,Dens molaris,concept
mons pubis,Schamhügel,Mons pubis,concept
mouth,Mund,Os,concept
mucoid tissue,Gallertgewebe,Textus mucoideus,concept
muscle layer of large intestine,Muskelschicht des Dickdarms,Tunica muscularis intestini crassi,concept
muscle of abdomen,Muskel des Bauches,Musculus abdominis,concept
muscle of anterior abdominal wall,Muskel der vorderen Bauchwand,Musculus parietis abdominis anterioris,concept
muscle of anterior compartment of arm,Muskel der vorderen Oberarmloge,Musculus compartimenti brachii anterioris,concept
muscle of anterior compartment of forearm,Muskel der vorderen Unterarmloge,Musculus compartimenti antebrachii anterioris,concept
muscle of anterior compartment of leg,Muskel der vorderen Unterschenkelloge,Musculus compartimenti cruris anterioris,concept
muscle of anterior compartment of thigh,Muskel der vorderen Oberschenkelloge,Musculus compartimenti femoris anterioris,concept
muscle of arm,Muskel des Oberarms,Musculus brachii,concept
muscle of face,Muskel des Gesichts,Musculus faciei,concept
muscle of foot,Muskel des Fußes,Musculus pedis,concept
muscle of forearm,Muskel des Unterarms,Musculus antebrachii,concept
muscle of free lower limb,Muskel der freien unteren Gliedmaße,Musculus partis liberae membri inferioris,concept
muscle of free upper limb,Muskel der freien oberen Gliedmaße,Musculus partis liberae membri superioris,concept
muscle of hand,Muskel der Hand,Musculus manus,concept
muscle of head,Muskel des Kopfes,Musculus capitis,concept
muscle of larynx,Muskel des Kehlkopfs,Musculus laryngis,concept
muscle of lateral compartment of leg,Muskel der seitlichen Unterschenkelloge,Musculus compartimenti cruris lateralis,concept
muscle of leg,Muskel des Unterschenkels,Musculus cruris,concept
muscle of lower limb,Muskel der unteren Gliedmaße,Musculus membri inferioris,concept
muscle of medial compartment of thigh,Muskel der medialen Oberschenkelloge,Musculus compartimenti femoris medialis,concept
muscle of neck,Muskel des Halses,Musculus colli,concept
muscle of palate,Muskel des Gaumens,Musculus palati,concept
muscle of pectoral girdle,Muskel des Schultergürtels,Musculus cinguli pectoralis,concept
muscle of pelvic girdle,Muskel des Beckengürtels,Musculus cinguli pelvici,concept
muscle of pelvis,Muskel des Beckens,Musculus pelvis,concept
muscle of pharynx,Muskel des Rachens,Musculus pharyngis,concept
muscle of posterior compartment of arm,Muskel der hinteren Oberarmloge,Musculus compartimenti brachii posterioris,concept
muscle of posterior compartment of forearm,Muskel der hinteren Unterarmloge,Musculus compartimenti antebrachii posterioris,concept
muscle of posterior compartment of leg,Muskel der hinteren Unterschenkelloge,Musculus compartimenti cruris posterioris,concept
muscle of posterior compartment of thigh,Muskel der hinteren Oberschenkelloge,Musculus compartimenti femoris posterioris,concept
muscle of shoulder,Muskel der Schulter,Musculus regionis deltoideae,concept
muscle of thigh,Muskel des Oberschenkels,Musculus femoris,concept
muscle of thorax,Muskel des Brustkorbs,Musculus thoracis,concept
muscle of tongue,Muskel der Zunge,Musculus linguae,concept
muscle of trunk,Muskel des Rumpfes,Musculus trunci,concept
muscle of upper limb,Muskel der oberen Gliedmaße,Musculus membri superioris,concept
muscle of vertebral column,Muskel der Wirbelsäule,Musculus columnae vertebralis,concept
muscle organ,Muskel,Musculus,concept
musculature,Muskulatur,Musculatura,concept
musculature of abdomen,Muskulatur des Bauches,Musculatura abdominis,concept
musculature of anterior abdominal wall,Muskulatur der vorderen Bauchwand,Musculatura parietis abdominis anterioris,concept
musculature of chest,Muskulatur der Brust,Musculatura pectoris,concept
musculature of subdivision of free upper limb,Muskulatur des Abschnitts der freien oberen Gliedmaße,Musculatura subdivisionis partis liberae membri superioris,concept
musculature of subdivision of trunk,Muskulatur des Rumpfabschnitts,Musculatura subdivisionis trunci,concept
musculature of subdivision of upper limb,Muskulatur des Abschnitts der oberen Gliedmaße,Musculatura subdivisionis membri superioris,concept
musculophrenic artery,Muskel-Zwerchfell-Arterie,Arteria musculophrenica,concept
musculophrenic vein,Muskel-Zwerchfell-Vene,Vena musculophrenica,concept
musculoskeletal system,Bewegungsapparat,Systema musculoskeletale,concept
mylohyoid,Kiefer-Zungenbein-Muskel,Musculus mylohyoideus,concept
myocardial zone 11,Myokardzone 11,Zona myocardii 11,concept
myocardial zone 12,Myokardzone 12,Zona myocardii 12,concept
myocardial zone 4,Myokardzone 4,Zona myocardii 4,concept
myocardium of free wall of left ventricle,Myokard der freien Wand der linken Herzkammer,Myocardium parietis liberi ventriculi sinistri,concept
myocardium of free wall of right ventricle,Myokard der freien Wand der rechten Herzkammer,Myocardium parietis liberi ventriculi dextri,concept
myocardium of inferior wall of left ventricle,Myokard der unteren Wand der linken Herzkammer,Myocardium parietis inferioris ventriculi sinistri,concept
myocardium of lateral wall of left ventricle,Myokard der seitlichen Wand der linken Herzkammer,Myocardium parietis lateralis ventriculi sinistri,concept
myocardium of left ventricle,Myokard der linken Herzkammer,Myocardium ventriculi sinistri,concept
myocardium of left ventricle proper,Myokard der linken eigentlichen Herzkammer,Myocardium ventriculi proprii sinistri,concept
myocardium of right ventricle,Myokard der rechten Herzkammer,Myocardium ventriculi dextri,concept
myocardium of right ventricle proper,Myokard der rechten eigentlichen Herzkammer,Myocardium ventriculi proprii dextri,concept
nasal bone,Nasenbein,Os nasale,concept
nasal cartilage,Nasenknorpel,Cartilago nasi,concept
nasal septum,Nasenscheidewand,Septum nasi,concept
nasal skeleton,Nasenskelett,Skeleton nasi,concept
nasociliary nerve,Nasoziliarnerv,Nervus nasociliaris,concept
nasolacrimal duct,Tränen-Nasen-Gang,Ductus nasolacrimalis,concept
navicular bone of foot,Kahnbein des Fußes,Os naviculare pedis,concept
neck,Hals,Collum,concept
nerve,Nerv,Nervus,concept
nerve trunk,Nervenstamm,Truncus nervi,concept
nervous system,Nervensystem,Systema nervosum,concept
neural tree organ,Nervenbaumorgan,Organum arboris nervosae,concept
neuraxis,Neuraxis,Neuraxis,concept
neurocranium,Hirnschädel,Neurocranium,concept
ninth rib,Neunte Rippe,Costa nona,concept
ninth thoracic intervertebral symphysis,Neunte Brustwirbel-Zwischenwirbelsymphyse,Symphysis intervertebralis thoracica nona,concept
nonparenchymatous organ,Nichtparenchymatöses Organ,Organum non parenchymatosum,concept
nonskeletal ligament,Nichtskelettales Band,Ligamentum non skeletale,concept
nose,Nase,Nasus,concept
nuclear complex of neuraxis,Kernkomplex der Neuraxis,Complexus nuclearis neuraxis,concept
nucleus of brain,Kern des Gehirns,Nucleus encephali,concept
nucleus of neuraxis,Kern der Neuraxis,Nucleus neuraxis,concept
nucleus of thalamus,Kern des Thalamus,Nucleus thalami,concept
oblique arytenoid,Schräger Stellknorpelmuskel,Musculus arytenoideus obliquus,concept
oblique head of adductor hallucis,Schräger Kopf des Großzehenanziehers,Caput obliquum musculi adductoris hallucis,concept
oblique head of adductor pollicis,Schräger Kopf des Daumenanziehers,Caput obliquum musculi adductoris pollicis,concept
oblique part of cricothyroid,Schräger Anteil des Ringknorpel-Schildknorpel-Muskels,Pars obliqua musculi cricothyroidei,concept
obliquus capitis inferior,Unterer schräger Kopfmuskel,Musculus obliquus capitis inferior,concept
obliquus capitis superior,Oberer schräger Kopfmuskel,Musculus obliquus capitis superior,concept
obturator externus,Äußerer Hüftlochmuskel,Musculus obturatorius externus,concept
obturator internus,Innerer Hüftlochmuskel,Musculus obturatorius internus,concept
obturator muscle,Hüftlochmuskel,Musculus obturatorius,concept
obturator vein,Hüftlochvene,Vena obturatoria,concept
occipital lobe,Hinterhauptslappen,Lobus occipitalis,concept
occipital part of head,Hinterhauptregion des Kopfes,Pars occipitalis capitis,concept
omohyoid,Schulterblatt-Zungenbein-Muskel,Musculus omohyoideus,concept
ophthalmic artery,Augenarterie,Arteria ophthalmica,concept
ophthalmic nerve,Augennerv,Nervus ophthalmicus,concept
opponens digiti minimi of foot,Kleinzehengegensteller des Fußes,Musculus opponens digiti minimi pedis,concept
opponens digiti minimi of hand,Kleinfingergegensteller der Hand,Musculus opponens digiti minimi manus,concept
opponens pollicis,Daumengegensteller,Musculus opponens pollicis,concept
optic nerve,Sehnerv,Nervus opticus,concept
optic part of retina,Optischer Teil der Netzhaut,Pars optica retinae,concept
optic tract,Sehbahn,Tractus opticus,concept
orbital part of left eye,Augenhöhlenteil des linken Auges,Pars orbitalis oculi sinistri,concept
orbital part of right eye,Augenhöhlenteil des rechten Auges,Pars orbitalis oculi dextri,concept
organ,Organ,Organum,concept
organ cavity subdivision,Organhöhlenabschnitt,Subdivisio cavitatis organi,concept
organ chamber,Organkammer,Camera organi,concept
organ component,Organkomponente,Componens organi,concept
organ component cluster,Organkomponenten-Cluster,Aggregatum componentium organi,concept
organ component gland,Drüsenkomponente eines Organs,Glandula componens organi,concept
organ component layer,Schichtkomponente eines Organs,Stratum componens organi,concept
organ component of neuraxis,Organkomponente der Neuraxis,Componens organi neuraxis,concept
organ part cluster,Organteil-Cluster,Aggregatum partium organi,concept
organ region,Organregion,Regio organi,concept
organ segment,Organsegment,Segmentum organi,concept
organ with cavitated organ parts,Organ mit hohlraumhaltigen Teilen,Organum cum partibus cavitatis,concept
organ with organ cavity,Organ mit Organhöhle,Organum cum cavitate,concept
organ zone,Organzone,Zona organi,concept
osseous skeleton of external nose,Knochenskelett der äußeren Nase,Sceletum osseum nasi externi,concept
osseous skeleton of internal nose,Knochenskelett der inneren Nase,Sceletum osseum nasi interni,concept
osseous skeleton of nose,Knochenskelett der Nase,Sceletum osseum nasi,concept
outflow part of left atrium,Ausflussteil des linken Vorhofs,Pars efferens atrii sinistri,concept
outflow part of left ventricle,Ausflussteil der linken Herzkammer,Pars efferens ventriculi sinistri,concept
outflow part of right atrium,Ausflussteil des rechten Vorhofs,Pars efferens atrii dextri,concept
outflow part of right ventricle,Ausflussteil der rechten Herzkammer,Pars efferens ventriculi dextri,concept
palatine bone,Gaumenbein,Os palatinum,concept
palatopharyngeus,Gaumen-Rachen-Muskel,Musculus palatopharyngeus,concept
palmar metacarpal artery,Hohlhand-Mittelhandarterie,Arteria metacarpalis palmaris,concept
palmar metacarpal vein,Hohlhand-Mittelhandvene,Vena metacarpalis palmaris,concept
palmaris longus,Langer Hohlhandmuskel,Musculus palmaris longus,concept
pancreatic artery,Pankreasarterie,Arteria pancreatica,concept
pancreaticobiliary system,Pankreatikobiliäres System,Systema pancreaticobiliare,concept
papillary muscle of left ventricle,Papillarmuskel der linken Herzkammer,Musculus papillaris ventriculi sinistri,concept
papillary muscle of right ventricle,Papillarmuskel der rechten Herzkammer,Musculus papillaris ventriculi dextri,concept
paracentral branch of callosomarginal artery,Parazentraler Ast der Callosomarginalarterie,Ramus paracentralis arteriae callosomarginalis,concept
parahippocampal gyrus,Parahippocampale Windung,Gyrus parahippocampalis,concept
parasympathetic ganglion,Parasympathisches Ganglion,Ganglion parasympathicum,concept
parenchyma,Parenchym,Parenchyma,concept
parenchymatous organ,Parenchymatöses Organ,Organum parenchymatosum,concept
parietal bone,Scheitelbein,Os parietale,concept
patella,Kniescheibe,Patella,concept
patellar part of left knee,Kniescheibenteil des linken Knies,Pars patellaris genus sinistri,concept
patellar part of right knee,Kniescheibenteil des rechten Knies,Pars patellaris genus dextri,concept
pectineus,Kammmuskel,Musculus pectineus,concept
pectoral branch of thoraco-acromial artery,Brustast der Brust-Schulterhöhen-Arterie,Ramus pectoralis arteriae thoracoacromialis,concept
pectoral muscle,Brustmuskel,Musculus pectoralis,concept
pectoral part of left pectoral girdle,Brustteil des linken Schultergürtels,Pars pectoralis cinguli pectoralis sinistri,concept
pectoral part of right pectoral girdle,Brustteil des rechten Schultergürtels,Pars pectoralis cinguli pectoralis dextri,concept
pectoralis minor,Kleiner Brustmuskel,Musculus pectoralis minor,concept
peduncle of neuraxis,Stiel der Neuraxis,Pedunculus neuraxis,concept
pelvic girdle,Beckengürtel,Cingulum pelvicum,concept
pelvic skeleton,Beckenskelett,Skeleton pelvis,concept
pelvic wall,Beckenwand,Paries pelvis,concept
pelvis,Becken,Pelvis,concept
pericallosal artery,Perikallosalarterie,Arteria pericallosa,concept
perineal muscle,Dammmuskel,Musculus perinei,concept
perineum,Damm,Perineum,concept
peritoneal mesentery,Peritoneales Gekröse,Mesenterium peritoneale,concept
peritoneal sac,Bauchfellsack,Saccus peritonealis,concept
peritoneum,Bauchfell,Peritoneum,concept
phalanx of big toe,Phalanx der Großzehe,Phalanx hallucis,concept
phalanx of finger,Phalanx des Fingers,Phalanx digiti manus,concept
phalanx of fourth toe,Phalanx der vierten Zehe,Phalanx digiti quarti pedis,concept
phalanx of index finger,Phalanx des Zeigefingers,Phalanx indicis,concept
phalanx of little finger,Phalanx des Kleinfingers,Phalanx digiti minimi manus,concept
phalanx of little toe,Phalanx der Kleinzehe,Phalanx digiti minimi pedis,concept
phalanx of middle finger,Phalanx des Mittelfingers,Phalanx digiti medii,concept
phalanx of ring finger,Phalanx des Ringfingers,Phalanx digiti anularis,concept
phalanx of second toe,Phalanx der zweiten Zehe,Phalanx digiti secundi pedis,concept
phalanx of third toe,Phalanx der dritten Zehe,Phalanx digiti tertii pedis,concept
phalanx of thumb,Phalanx des Daumens,Phalanx pollicis,concept
phalanx of toe,Phalanx der Zehe,Phalanx digiti pedis,concept
physical anatomical entity,Physische anatomische Entität,Ens anatomicum physicum,concept
piriformis,Birnenförmiger Muskel,Musculus piriformis,concept
pisiform,Erbsenbein,Os pisiforme,concept
plantar arch,Fußsohlenbogen,Arcus plantaris,concept
plantar interosseous of foot,Sohlenzwischenknochenmuskel des Fußes,Musculus interosseus plantaris pedis,concept
plantar tarsal ligament,Fußsohlen-Fußwurzelband,Ligamentum tarsi plantare,concept
plantar venous arch of foot,Fußsohlen-Venenbogen,Arcus venosus plantaris pedis,concept
plantaris,Langer Sohlenmuskel,Musculus plantaris,concept
platysma,Hautmuskel des Halses,Platysma,concept
pneumatized bone,Pneumatisierter Knochen,Os pneumaticum,concept
polar temporal artery,Polare Schläfenlappenarterie,Arteria polaris temporalis,concept
popliteal artery,Kniekehlenarterie,Arteria poplitea,concept
popliteal vein,Kniekehlenvene,Vena poplitea,concept
popliteus,Kniekehlenmuskel,Musculus popliteus,concept
portal vein,Pfortader,Vena portae,concept
portal venous system,Pfortadersystem,Systema venae portae,concept
portal venous tree,Pfortaderbaum,Arbor venae portae,concept
portion of connective tissue,Bindegewebsanteil,Portio textus connectivi,concept
portion of tissue,Gewebeanteil,Portio textus,concept
postcentral gyrus,Hintere Zentralwindung,Gyrus postcentralis,concept
postcommunicating part of posterior cerebral artery,Postkommunikaler Teil der hinteren Hirnarterie,Pars postcommunicalis arteriae cerebri posterioris,concept
posterior abdominal wall,Hintere Bauchwand,Paries abdominis posterior,concept
posterior basal segmental artery,Hintere basale Segmentarterie,Arteria segmentalis basalis posterior,concept
posterior basal segmental bronchial tree,Hinterer basaler Segmentbronchialbaum,Arbor bronchialis segmentalis basalis posterior,concept
posterior basal segmental vein,Hintere basale Segmentvene,Vena segmentalis basalis posterior,concept
posterior branch of right portal vein,Hinterer Ast der rechten Pfortader,Ramus posterior venae portae dextrae,concept
posterior chest,Hintere Brust,Pectus posterius,concept
posterior circumflex humeral artery,Hintere Oberarm-Zirkumflexarterie,Arteria circumflexa humeri posterior,concept
posterior communicating artery,Hintere Verbindungsarterie,Arteria communicans posterior,concept
posterior crico-arytenoid,Hinterer Ringknorpel-Stellknorpel-Muskel,Musculus cricoarytenoideus posterior,concept
posterior division of renal artery,Hinterer Ast der Nierenarterie,Ramus posterior arteriae renalis,concept
posterior ethmoidal nerve,Hinterer Siebbeinnerv,Nervus ethmoidalis posterior,concept
posterior inferior cerebellar artery,Hintere untere Kleinhirnarterie,Arteria inferior posterior cerebelli,concept
posterior intercostal artery,Hintere Zwischenrippenarterie,Arteria intercostalis posterior,concept
posterior medial choroidal artery,Hintere mediale Aderhautarterie,Arteria choroidea posterior medialis,concept
posterior mediastinum,Hinterer Mittelfellraum,Mediastinum posterius,concept
posterior parietal artery,Hintere Scheitellappenarterie,Arteria parietalis posterior,concept
posterior part of anterior segmental artery,Hinterer Teil der vorderen Segmentarterie,Pars posterior arteriae segmentalis anterioris,concept
posterior part of pelvis,Hinterer Teil des Beckens,Pars posterior pelvis,concept
posterior part of posterior segmental artery,Hinterer Teil der hinteren Segmentarterie,Pars posterior arteriae segmentalis posterioris,concept
posterior part of superior temporal gyrus,Hinterer Teil des Gyrus temporalis superior,Pars posterior gyri temporalis superioris,concept
posterior sector of left liver,Hinterer Sektor der linken Leber,Sector posterior hepatis sinistri,concept
posterior sector of right liver,Hinterer Sektor der rechten Leber,Sector posterior hepatis dextri,concept
posterior segmental artery,Hintere Segmentarterie,Arteria segmentalis posterior,concept
posterior segmental bronchial tree,Hinterer Segmentbronchialbaum,Arbor bronchialis segmentalis posterior,concept
posterior segmental hepatic artery,Hintere Lebersegmentarterie,Arteria segmentalis hepatica posterior,concept
posterior segmental renal artery,Hintere Nierensegmentarterie,Arteria segmentalis renalis posterior,concept
posterior segmental vein,Hintere Segmentvene,Vena segmentalis posterior,concept
posterior suboccipital muscle,Hinterer Subokzipitalmuskel,Musculus suboccipitalis posterior,concept
posterior temporal branch of middle cerebral artery,Hinterer Schläfenast der mittleren Hirnarterie,Ramus temporalis posterior arteriae cerebri mediae,concept
posterior thoracic wall,Hintere Brustkorbwand,Paries thoracis posterior,concept
posterior tibial artery,Hintere Schienbeinarterie,Arteria tibialis posterior,concept
posterior tibial vein,Hintere Schienbeinvene,Vena tibialis posterior,concept
posterior tributary of right hepatic biliary tree,Hinterer Zufluss des rechten Gallengangsystems,Ramus posterior arboris biliaris dextri,concept
posterior ulnar recurrent artery,Hintere rückläufige Ellenarterie,Arteria recurrens ulnaris posterior,concept
posterior ventricular branch of right coronary artery,Hinterer Kammerast der rechten Koronararterie,Ramus ventricularis posterior arteriae coronariae dextrae,concept
posteromedial branch of callosomarginal artery,Posteromedialer Ast der Callosomarginalarterie,Ramus posteromedialis arteriae callosomarginalis,concept
posteromedial central branch of posterior cerebral artery,Posteromedialer zentraler Ast der hinteren Hirnarterie,Ramus centralis posteromedialis arteriae cerebri posterioris,concept
postvertebral muscle,Rückenmuskel,Musculus dorsi,concept
precentral gyrus,Vordere Zentralwindung,Gyrus precentralis,concept
precommunicating part of posterior cerebral artery,Präkommunikaler Teil der hinteren Hirnarterie,Pars precommunicalis arteriae cerebri posterioris,concept
precuneal branch of pericallosal artery,Precuneusast der Perikallosalarterie,Ramus precunealis arteriae pericallosae,concept
prefrontal artery,Präfrontalarterie,Arteria prefrontalis,concept
premolar tooth,Prämolar,Dens premolaris,concept
prevertebral muscle,Prävertebraler Muskel,Musculus prevertebralis,concept
process of organ,Fortsatz des Organs,Processus organi,concept
pronator quadratus,Viereckiger Einwärtsdreher,Musculus pronator quadratus,concept
proper palmar digital vein of index finger,Eigentliche Hohlhand-Fingervene des Zeigefingers,Vena digitalis palmaris propria indicis,concept
proper palmar digital vein of little finger,Eigentliche Hohlhand-Fingervene des Kleinfingers,Vena digitalis palmaris propria digiti minimi,concept
proper palmar digital vein of middle finger,Eigentliche Hohlhand-Fingervene des Mittelfingers,Vena digitalis palmaris propria digiti medii,concept
proper palmar digital vein of ring finger,Eigentliche Hohlhand-Fingervene des Ringfingers,Vena digitalis palmaris propria digiti anularis,concept
proximal carpal bone,Proximaler Handwurzelknochen,Os carpi proximale,concept
proximal phalanx of big toe,Grundphalanx der Großzehe,Phalanx proximalis hallucis,concept
proximal phalanx of fourth toe,Grundphalanx der vierten Zehe,Phalanx proximalis digiti quarti pedis,concept
proximal phalanx of index finger,Grundphalanx des Zeigefingers,Phalanx proximalis indicis,concept
proximal phalanx of little finger,Grundphalanx des Kleinfingers,Phalanx proximalis digiti minimi manus,concept
proximal phalanx of little toe,Grundphalanx der Kleinzehe,Phalanx proximalis digiti minimi pedis,concept
proximal phalanx of middle finger,Grundphalanx des Mittelfingers,Phalanx proximalis digiti medii,concept
proximal phalanx of ring finger,Grundphalanx des Ringfingers,Phalanx proximalis digiti anularis,concept
proximal phalanx of second toe,Grundphalanx der zweiten Zehe,Phalanx proximalis digiti secundi pedis,concept
proximal phalanx of third toe,Grundphalanx der dritten Zehe,Phalanx proximalis digiti tertii pedis,concept
proximal phalanx of thumb,Grundphalanx des Daumens,Phalanx proximalis pollicis,concept
psoas major,Großer Lendenmuskel,Musculus psoas major,concept
pterygomandibular raphe,Flügel-Unterkiefer-Naht,Raphe pterygomandibularis,concept
pubococcygeus,Schambein-Steißbein-Muskel,Musculus pubococcygeus,concept
puborectalis,Schambein-Mastdarm-Muskel,Musculus puborectalis,concept
pulmonary arterial tree,Lungenarterienbaum,Arbor arteriosa pulmonalis,concept
pulmonary arterial trunk,Lungenarterienstamm,Truncus pulmonalis,concept
pulmonary artery,Lungenarterie,Arteria pulmonalis,concept
pulmonary segment of bronchial tree,Lungensegment des Bronchialbaums,Segmentum pulmonale arboris bronchialis,concept
pulmonary valve,Pulmonalklappe,Valva trunci pulmonalis,concept
pulmonary vascular system,Lungengefäßsystem,Systema vasorum pulmonalium,concept
pulmonary vein,Lungenvene,Vena pulmonalis,concept
pulmonary venous tree organ,Lungenvenenbaum,Arbor venosa pulmonalis,concept
putamen,Putamen,Putamen,concept
quadratus femoris,Viereckiger Schenkelmuskel,Musculus quadratus femoris,concept
radial artery,Speichenarterie,Arteria radialis,concept
radial collateral artery,Speichenseitige Kollateralarterie,Arteria collateralis radialis,concept
radial recurrent artery,Rückläufige Speichenarterie,Arteria recurrens radialis,concept
radial vein,Speichenvene,Vena radialis,concept
radius,Speiche,Radius,concept
rectus capitis anterior,Vorderer gerader Kopfmuskel,Musculus rectus capitis anterior,concept
rectus capitis lateralis,Seitlicher gerader Kopfmuskel,Musculus rectus capitis lateralis,concept
rectus capitis posterior major,Großer hinterer gerader Kopfmuskel,Musculus rectus capitis posterior major,concept
rectus capitis posterior minor,Kleiner hinterer gerader Kopfmuskel,Musculus rectus capitis posterior minor,concept
rectus femoris,Gerader Schenkelmuskel,Musculus rectus femoris,concept
recurrent interosseous artery,Rückläufige Zwischenknochenarterie,Arteria interossea recurrens,concept
region of anterior sector of left liver (in-vivo),Region des vorderen Sektors der linken Leber (in vivo),Regio sectoris anterioris hepatis (in vivo) sinistri,concept
region of anterior sector of right liver (in-vivo),Region des vorderen Sektors der rechten Leber (in vivo),Regio sectoris anterioris hepatis (in vivo) dextri,concept
region of cerebral cortex,Region der Großhirnrinde,Regio corticis cerebri,concept
region of cerebral white matter,Region der weißen Substanz des Großhirns,Regio substantiae albae cerebri,concept
region of ciliary body,Region des Ziliarkörpers,Regio corporis ciliaris,concept
region of dura mater,Region der harten Hirnhaut,Regio durae matris,concept
region of lateral papillary muscle of left ventricle,Region des seitlichen Papillarmuskels der linken Herzkammer,Regio musculi papillaris lateralis ventriculi sinistri,concept
region of layer of wall of eyeball,Region der Schicht der Augapfelwand,Regio tunicae bulbi oculi,concept
region of organ component,Region der Organkomponente,Regio componentis organi,concept
region of papillary muscle,Region des Papillarmuskels,Regio musculi papillaris,concept
region of papillary muscle of left ventricle,Region des Papillarmuskels der linken Herzkammer,Regio musculi papillaris ventriculi sinistri,concept
region of peritoneum,Region des Bauchfells,Regio peritonei,concept
region of posterior sector of right liver (in-vivo),Region des hinteren Sektors der rechten Leber (in vivo),Regio sectoris posterioris hepatis (in vivo) dextri,concept
region of retina,Region der Netzhaut,Regio retinae,concept
region of serous membrane,Region der serösen Haut,Regio tunicae serosae,concept
region of vascular layer of eyeball,Region der Gefäßhaut des Augapfels,Regio tunicae vasculosae bulbi,concept
region of vascular tree organ,Region des Gefäßbaums,Regio arboris vascularis,concept
region of ventricular system of brain,Region des Ventrikelsystems des Gehirns,Regio systematis ventricularis encephali,concept
region of ventricular system of neuraxis,Region des Ventrikelsystems der Neuraxis,Regio systematis ventricularis neuraxis,concept
region of visceral peritoneum,Region des viszeralen Bauchfells,Regio peritonei visceralis,concept
region of wall of heart,Region der Herzwand,Regio parietis cordis,concept
region of wall of ventricular system of neuraxis,Region der Wand des Ventrikelsystems der Neuraxis,Regio parietis systematis ventricularis neuraxis,concept
renal artery,Nierenarterie,Arteria renalis,concept
renal vein,Nierenvene,Vena renalis,concept
respiratory system,Atmungssystem,Systema respiratorium,concept
respiratory tract,Atemwege,Tractus respiratorius,concept
retinaculum,Halteband,Retinaculum,concept
rhomboid major,Großer Rautenmuskel,Musculus rhomboideus major,concept
rhomboid minor,Kleiner Rautenmuskel,Musculus rhomboideus minor,concept
rib,Rippe,Costa,concept
rib cage,Brustkorbskelett,Cavea thoracis,concept
right anterior basal bronchopulmonary segment,Rechtes vorderes basales Lungensegment,Segmentum bronchopulmonale basale anterius dextrum,concept
right anterior basal segmental artery,Rechte vordere basale Segmentarterie,Arteria segmentalis basalis anterior dextra,concept
right anterior branch of anterior interventricular branch of left coronary artery,Rechter vorderer Ast des vorderen Zwischenkammerastes der linken Koronararterie,Ramus anterior dexter rami interventricularis anterioris arteriae coronariae sinistrae,concept
right anterior bronchopulmonary segment,Rechtes vorderes Lungensegment,Segmentum bronchopulmonale anterius dextrum,concept
right apical bronchopulmonary segment,Rechtes apikales Lungensegment,Segmentum bronchopulmonale apicale dextrum,concept
right apical segmental artery,Rechte apikale Segmentarterie,Arteria segmentalis apicalis dextra,concept
right apical segmental vein,Rechte apikale Segmentvene,Vena segmentalis apicalis dextra,concept
right archicortex,Rechter Archikortex,Archicortex dexter,concept
right arm,Rechter Oberarm,Brachium dextrum,concept
right atrium,Rechter Vorhof,Atrium dextrum,concept
right basal segmental artery,Rechte basale Segmentarterie,Arteria segmentalis basalis dextra,concept
right big toe,Rechte Großzehe,Hallux dexter,concept
right bony pectoral girdle,Rechter knöcherner Schultergürtel,Cingulum pectorale osseum dextrum,concept
right bronchial tree,Rechter Bronchialbaum,Arbor bronchialis dextra,concept
right cerebral hemisphere,Rechte Großhirnhemisphäre,Hemispherium cerebri dextrum,concept
right cheek,Rechte Wange,Bucca dextra,concept
right common basal vein,Rechte gemeinsame Basalvene,Vena basalis communis dextra,concept
right coronary artery,Rechte Koronararterie,Arteria coronaria dextra,concept
right costocervical artery,Rechter Rippen-Hals-Stamm,Truncus costocervicalis dexter,concept
right deep femoral artery,Rechte tiefe Oberschenkelarterie,Arteria profunda femoris dextra,concept
right eye,Rechtes Auge,Oculus dexter,concept
right eyeball,Rechter Augapfel,Bulbus oculi dexter,concept
right foot,Rechter Fuß,Pes dexter,concept
right foot proper,Rechter eigentlicher Fuß,Pes proprius dexter,concept
right forearm,Rechter Unterarm,Antebrachium dextrum,concept
right fourth toe,Rechte vierte Zehe,Digitus quartus pedis dexter,concept
right free lower limb,Rechte freie untere Gliedmaße,Pars libera membri inferioris dextra,concept
right free upper limb,Rechte freie obere Gliedmaße,Pars libera membri superioris dextra,concept
right frontal lobe,Rechter Stirnlappen,Lobus frontalis dexter,concept
right hand,Rechte Hand,Manus dextra,concept
right hand proper,Rechte eigentliche Hand,Manus propria dextra,concept
right hemiliver,Rechte Leberhälfte,Hemihepar dextrum,concept
right hepatic artery,Rechte Leberarterie,Arteria hepatica dextra,concept
right hepatic biliary tree,Rechtes Gallengangsystem der Leber,Arbor biliaris hepatis dextra,concept
right hip,Rechte Hüfte,Coxa dextra,concept
right hippocampal formation,Rechte Hippocampusformation,Formatio hippocampi dextra,concept
right index finger,Rechter Zeigefinger,Index dexter,concept
right inferior basal vein,Rechte untere Basalvene,Vena basalis inferior dextra,concept
right knee,Rechtes Knie,Genu dextrum,concept
right lacrimal apparatus,Rechter Tränenapparat,Apparatus lacrimalis dexter,concept
right lacrimal duct,Rechter Tränengang,Ductus lacrimalis dexter,concept
right lateral basal bronchopulmonary segment,Rechtes seitliches basales Lungensegment,Segmentum bronchopulmonale basale laterale dextrum,concept
right lateral basal segmental artery,Rechte seitliche basale Segmentarterie,Arteria segmentalis basalis lateralis dextra,concept
right lateral chest wall,Rechte seitliche Brustwand,Paries pectoris lateralis dexter,concept
right lateral superficial chest wall,Rechte seitliche oberflächliche Brustwand,Paries pectoris superficialis lateralis dexter,concept
right lateral wall of internal nose,Rechte Seitenwand der inneren Nase,Paries lateralis dexter nasi interni,concept
right leg,Rechter Unterschenkel,Crus dextrum,concept
right limbic lobe,Rechter limbischer Lappen,Lobus limbicus dexter,concept
right little finger,Rechter Kleinfinger,Digitus minimus manus dexter,concept
right little toe,Rechte Kleinzehe,Digitus minimus pedis dexter,concept
right lobe of liver,Rechter Leberlappen,Lobus hepatis dexter,concept
right lower eyelid,Rechtes Unterlid,Palpebra inferior dextra,concept
right lower limb,Rechte untere Gliedmaße,Membrum inferius dextrum,concept
right lower lobar artery,Rechte untere Lappenarterie,Arteria lobaris inferior dextra,concept
right lung,Rechte Lunge,Pulmo dexter,concept
right main bronchus,Rechter Hauptbronchus,Bronchus principalis dexter,concept
right medial basal bronchopulmonary segment,Rechtes mediales basales Lungensegment,Segmentum bronchopulmonale basale mediale dextrum,concept
right middle cerebral artery,Rechte mittlere Hirnarterie,Arteria cerebri media dextra,concept
right middle finger,Rechter Mittelfinger,Digitus medius dexter,concept
right orbit,Rechte Augenhöhle,Orbita dextra,concept
right orbital compartment,Rechtes Augenhöhlenkompartiment,Compartimentum orbitale dextrum,concept
right orbital content,Inhalt der rechten Augenhöhle,Contentum orbitae dextrae,concept
right parietal lobe,Rechter Scheitellappen,Lobus parietalis dexter,concept
right parietal part of head,Rechte Scheitelregion des Kopfes,Pars parietalis dextra capitis,concept
right pectoral girdle,Rechter Schultergürtel,Cingulum pectorale dextrum,concept
right pectoral part of chest,Rechte Brustregion,Pars pectoralis dextra pectoris,concept
right pectoralis major,Rechter großer Brustmuskel,Musculus pectoralis major dexter,concept
right pelvic girdle,Rechter Beckengürtel,Cingulum pelvicum dextrum,concept
right pontine artery,Rechte Brückenarterie,Arteria pontis dextra,concept
right posterior basal bronchopulmonary segment,Rechtes hinteres basales Lungensegment,Segmentum bronchopulmonale basale posterius dextrum,concept
right posterior basal segmental artery,Rechte hintere basale Segmentarterie,Arteria segmentalis basalis posterior dextra,concept
right posterior bronchopulmonary segment,Rechtes hinteres Lungensegment,Segmentum bronchopulmonale posterius dextrum,concept
right posterior cerebral artery,Rechte hintere Hirnarterie,Arteria cerebri posterior dextra,concept
right posterior choroidal artery,Rechte hintere Aderhautarterie,Arteria choroidea posterior dextra,concept
right posterior segmental artery,Rechte hintere Segmentarterie,Arteria segmentalis posterior dextra,concept
right prefrontal cortex,Rechter präfrontaler Kortex,Cortex prefrontalis dexter,concept
right pulmopleural compartment,Rechtes Lungen-Pleura-Kompartiment,Compartimentum pulmopleurale dextrum,concept
right ring finger,Rechter Ringfinger,Digitus anularis dexter,concept
right second toe,Rechte zweite Zehe,Digitus secundus pedis dexter,concept
right shoulder,Rechte Schulter,Regio deltoidea dextra,concept
right side of bony pelvis,Rechte Hälfte des knöchernen Beckens,Latus dextrum pelvis osseae,concept
right side of heart,Rechte Herzhälfte,Latus cordis dextrum,concept
right side of internal nose,Rechte Seite der inneren Nase,Latus nasi interni dextrum,concept
right side of rib cage,Rechte Hälfte des Brustkorbskeletts,Latus dextrum caveae thoracis,concept
right superior basal vein,Rechte obere Basalvene,Vena basalis superior dextra,concept
right superior bronchopulmonary segment,Rechtes oberes Lungensegment,Segmentum bronchopulmonale superius dextrum,concept
right superior segmental artery,Rechte obere Segmentarterie,Arteria segmentalis superior dextra,concept
right temporal lobe,Rechter Schläfenlappen,Lobus temporalis dexter,concept
right thigh,Rechter Oberschenkel,Femur dextrum,concept
right third toe,Rechte dritte Zehe,Digitus tertius pedis dexter,concept
right thoraco-acromial artery,Rechte Brust-Schulterhöhen-Arterie,Arteria thoracoacromialis dextra,concept
right thumb,Rechter Daumen,Pollex dexter,concept
right thyrocervical artery,Rechter Schilddrüsen-Hals-Stamm,Truncus thyrocervicalis dexter,concept
right upper eyelid,Rechtes Oberlid,Palpebra superior dextra,concept
right upper limb,Rechte obere Gliedmaße,Membrum superius dextrum,concept
right upper lobar vein,Rechte obere Lappenvene,Vena lobaris superior dextra,concept
right upper urinary tract,Rechte obere Harnwege,Tractus urinarius superior dexter,concept
right ventricle,Rechte Herzkammer,Ventriculus dexter,concept
right wrist,Rechtes Handgelenk,Carpus dexter,concept
root of nose,Nasenwurzel,Radix nasi,concept
rotator muscle,Drehmuskel,Musculus rotator,concept
salivary gland,Speicheldrüse,Glandula salivaria,concept
salpingopharyngeus,Tuben-Rachen-Muskel,Musculus salpingopharyngeus,concept
sartorius,Schneidermuskel,Musculus sartorius,concept
scalene muscle,Treppenmuskel,Musculus scalenus,concept
scalenus anterior,Vorderer Treppenmuskel,Musculus scalenus anterior,concept
scalenus medius,Mittlerer Treppenmuskel,Musculus scalenus medius,concept
scalenus posterior,Hinterer Treppenmuskel,Musculus scalenus posterior,concept
scaphoid,Kahnbein,Os scaphoideum,concept
scapula,Schulterblatt,Scapula,concept
scapular part of left pectoral girdle,Schulterblattteil des linken Schultergürtels,Pars scapularis cinguli pectoralis sinistri,concept
scapular part of right pectoral girdle,Schulterblattteil des rechten Schultergürtels,Pars scapularis cinguli pectoralis dextri,concept
sclera,Lederhaut,Sclera,concept
second common palmar digital artery,Zweite gemeinsame Hohlhand-Fingerarterie,Arteria digitalis palmaris communis secunda,concept
second costal cartilage,Zweiter Rippenknorpel,Cartilago costalis secunda,concept
second lumbar intervertebral symphysis,Zweite Lendenwirbel-Zwischenwirbelsymphyse,Symphysis intervertebralis lumbalis secunda,concept
second lumbrical of foot,Zweiter Spulmuskel des Fußes,Musculus lumbricalis secundus pedis,concept
second metacarpal bone,Zweiter Mittelhandknochen,Os metacarpale secundum,concept
second metatarsal bone,Zweiter Mittelfußknochen,Os metatarsale secundum,concept
second plantar interosseous of foot,Zweiter Sohlenzwischenknochenmuskel des Fußes,Musculus interosseus plantaris secundus pedis,concept
second posterior intercostal artery,Zweite hintere Zwischenrippenarterie,Arteria intercostalis posterior secunda,concept
second rib,Zweite Rippe,Costa secunda,concept
second thoracic intervertebral symphysis,Zweite Brustwirbel-Zwischenwirbelsymphyse,Symphysis intervertebralis thoracica secunda,concept
secondary canine tooth,Bleibender Eckzahn,Dens caninus permanens,concept
secondary incisor tooth,Bleibender Schneidezahn,Dens incisivus permanens,concept
secondary molar tooth,Bleibender Molar,Dens molaris permanens,concept
segment of anterior tibial artery,Segment der vorderen Schienbeinarterie,Segmentum arteriae tibialis anterioris,concept
segment of aorta,Segment der Aorta,Segmentum aortae,concept
segment of arterial tree organ,Segment des Arterienbaums,Segmentum arboris arteriosae,concept
segment of arterial trunk,Segment des Arterienstamms,Segmentum trunci arteriosi,concept
segment of artery,Segment der Arterie,Segmentum arteriae,concept
segment of biliary tree,Segment des Gallengangsystems,Segmentum arboris biliaris,concept
segment of brain,Segment des Gehirns,Segmentum encephali,concept
segment of bronchial tree,Segment des Bronchialbaums,Segmentum arboris bronchialis,concept
segment of cerebral hemisphere,Segment der Großhirnhemisphäre,Segmentum hemispherii cerebri,concept
segment of colon,Segment des Grimmdarms,Segmentum coli,concept
segment of forebrain,Segment des Vorderhirns,Segmentum prosencephali,concept
segment of gyrus of cerebral hemisphere,Segment der Großhirnwindung,Segmentum gyri hemispherii cerebri,concept
segment of hindbrain,Segment des Rautenhirns,Segmentum rhombencephali,concept
segment of lacrimal duct,Segment des Tränengangs,Segmentum ductus lacrimalis,concept
segment of large intestine,Segment des Dickdarms,Segmentum intestini crassi,concept
segment of left hepatic biliary tree,Segment des linken Gallengangsystems der Leber,Segmentum arboris biliaris hepatis sinistrae,concept
segment of liver,Segment der Leber,Segmentum hepatis,concept
segment of metencephalon,Segment des Hinterhirns,Segmentum metencephali,concept
segment of midbrain,Segment des Mittelhirns,Segmentum mesencephali,concept
segment of midbrain tectum,Segment des Mittelhirndachs,Segmentum tecti mesencephali,concept
segment of neural tree organ,Segment des Nervenbaumorgans,Segmentum organi arboris nervosae,concept
segment of neuraxis,Segment der Neuraxis,Segmentum neuraxis,concept
segment of renal artery,Segment der Nierenarterie,Segmentum arteriae renalis,concept
segment of right hepatic biliary tree,Segment des rechten Gallengangsystems der Leber,Segmentum arboris biliaris hepatis dextrae,concept
segment of subclavian artery,Segment der Unterschlüsselbeinarterie,Segmentum arteriae subclaviae,concept
segment of systemic artery,Segment der Körperkreislaufarterie,Segmentum arteriae systemicae,concept
segment of telencephalon,Segment des Endhirns,Segmentum telencephali,concept
segment of thoracic aorta,Segment der Brustaorta,Segmentum aortae thoracicae,concept
segment of tracheobronchial tree,Segment des Tracheobronchialbaums,Segmentum arboris tracheobronchialis,concept
segment of venous tree organ,Segment des Venenbaums,Segmentum arboris venosae,concept
segment of white matter of neuraxis,Segment der weißen Substanz der Neuraxis,Segmentum substantiae albae neuraxis,concept
segmental pulmonary artery,Segmentale Lungenarterie,Arteria pulmonalis segmentalis,concept
segmental pulmonary vein,Segmentale Lungenvene,Vena pulmonalis segmentalis,concept
segmental renal artery,Nierensegmentarterie,Arteria segmentalis renalis,concept
segmental tributary of left hepatic biliary tree,Segmentzufluss des linken Gallengangsystems,Ramus segmentalis arboris biliaris sinistri,concept
segmental tributary of right hepatic biliary tree,Segmentzufluss des rechten Gallengangsystems,Ramus segmentalis arboris biliaris dextri,concept
semimembranosus,Plattsehnenmuskel,Musculus semimembranosus,concept
seminal vesicle,Samenblase,Glandula vesiculosa,concept
semispinalis,Halbdornmuskel,Musculus semispinalis,concept
semispinalis capitis,Halbdornmuskel des Kopfes,Musculus semispinalis capitis,concept
semispinalis cervicis,Halbdornmuskel des Halses,Musculus semispinalis cervicis,concept
semispinalis thoracis,Halbdornmuskel des Brustkorbs,Musculus semispinalis thoracis,concept
semitendinosus,Halbsehnenmuskel,Musculus semitendinosus,concept
septal branch of right posterior interventricular artery,Septumast der rechten hinteren Zwischenkammerarterie,Ramus septalis arteriae interventricularis posterioris dextrae,concept
septum of internal nose,Septum der inneren Nase,Septum nasi interni,concept
septum of neuraxis,Septum der Neuraxis,Septum neuraxis,concept
serratus anterior,Vorderer Sägemuskel,Musculus serratus anterior,concept
serratus posterior,Hinterer Sägemuskel,Musculus serratus posterior,concept
serratus posterior inferior,Hinterer unterer Sägemuskel,Musculus serratus posterior inferior,concept
serratus posterior superior,Hinterer oberer Sägemuskel,Musculus serratus posterior superior,concept
sesamoid bone,Sesambein,Os sesamoideum,concept
sesamoid bone of foot,Sesambein des Fußes,Os sesamoideum pedis,concept
set of arteries,Arterien,Arteriae,concept
set of cervical vertebrae,Halswirbel,Vertebrae cervicales,concept
set of dorsal interossei of hand,Rückseitige Zwischenknochenmuskeln der Hand,Musculi interossei dorsales manus,concept
set of facial hairs,Gesichtshaare,Pili faciei,concept
set of hairs,Haare,Pili,concept
set of heterogeneous clusters,Heterogene Cluster,Aggregata heterogenea,concept
set of levatores costarum breves,Kurze Rippenheber,Musculi levatores costarum breves,concept
set of levatores costarum longi,Lange Rippenheber,Musculi levatores costarum longi,concept
set of lumbar vertebrae,Lendenwirbel,Vertebrae lumbales,concept
set of lumbricals of hand,Spulmuskeln der Hand,Musculi lumbricales manus,concept
set of organ parts,Organteile,Partes organorum,concept
set of organ regions,Organregionen,Regiones organorum,concept
set of organs,Organe,Organa,concept
set of palmar interossei of hand,Hohlhandseitige Zwischenknochenmuskeln der Hand,Musculi interossei palmares manus,concept
set of thoracic vertebrae,Brustwirbel,Vertebrae thoracicae,concept
set of veins,Venen,Venae,concept
seventh cervical intervertebral symphysis,Siebte Halswirbel-Zwischenwirbelsymphyse,Symphysis intervertebralis cervicalis septima,concept
seventh costal cartilage,Siebter Rippenknorpel,Cartilago costalis septima,concept
seventh rib,Siebte Rippe,Costa septima,concept
seventh thoracic intervertebral symphysis,Siebte Brustwirbel-Zwischenwirbelsymphyse,Symphysis intervertebralis thoracica septima,concept
short bone,Kurzer Knochen,Os breve,concept
short head of biceps brachii,Kurzer Kopf des zweiköpfigen Oberarmmuskels,Caput breve musculi bicipitis brachii,concept
short head of biceps femoris,Kurzer Kopf des zweiköpfigen Schenkelmuskels,Caput breve musculi bicipitis femoris,concept
sixth cervical intervertebral symphysis,Sechste Halswirbel-Zwischenwirbelsymphyse,Symphysis intervertebralis cervicalis sexta,concept
sixth costal cartilage,Sechster Rippenknorpel,Cartilago costalis sexta,concept
sixth rib,Sechste Rippe,Costa sexta,concept
sixth thoracic intervertebral symphysis,Sechste Brustwirbel-Zwischenwirbelsymphyse,Symphysis intervertebralis thoracica sexta,concept
skeletal ligament,Skelettband,Ligamentum skeletale,concept
skeletal system,Skelettsystem,Systema skeletale,concept
skeletal system of thorax,Skelettsystem des Brustkorbs,Systema skeletale thoracis,concept
skeletal system of trunk,Skelettsystem des Rumpfes,Systema skeletale trunci,concept
skeleton (in vivo),Skelett (in vivo),Skeleton (in vivo),concept
skeleton of left hand proper,Skelett der linken eigentlichen Hand,Sceletum manus propriae sinistrae,concept
skeleton of left pectoral girdle,Skelett des linken Schultergürtels,Sceletum cinguli pectoralis sinistri,concept
skeleton of mouth,Skelett des Mundes,Sceletum oris,concept
skeleton of nasal septum,Skelett der Nasenscheidewand,Sceletum septi nasi,concept
skeleton of right hand proper,Skelett der rechten eigentlichen Hand,Sceletum manus propriae dextrae,concept
skeleton of right pectoral girdle,Skelett des rechten Schultergürtels,Sceletum cinguli pectoralis dextri,concept
skin appendage,Hautanhangsgebilde,Appendix cutis,concept
skull,Schädel,Cranium,concept
small intestine,Dünndarm,Intestinum tenue,concept
small saphenous vein,Kleine Rosenvene,Vena saphena parva,concept
soft palate,Weicher Gaumen,Palatum molle,concept
soleus,Schollenmuskel,Musculus soleus,concept
solid organ,Solides Organ,Organum solidum,concept
space of compartment of head,Raum des Kompartiments des Kopfes,Spatium compartimenti capitis,concept
sphenoid part of middle cerebral artery,Sphenoidaler Teil der mittleren Hirnarterie,Pars sphenoidalis arteriae cerebri mediae,concept
spinal cord,Rückenmark,Medulla spinalis,concept
spinal part of deltoid,Grätenanteil des Deltamuskels,Pars spinalis musculi deltoidei,concept
spinalis thoracis,Dornmuskel des Brustkorbs,Musculus spinalis thoracis,concept
splenial artery,Spleniumarterie,Arteria splenialis,concept
splenius,Riemenmuskel,Musculus splenius,concept
splenius capitis,Riemenmuskel des Kopfes,Musculus splenius capitis,concept
splenius cervicis,Riemenmuskel des Halses,Musculus splenius cervicis,concept
sternal part of chest,Brustbeinteil der Brust,Pars sternalis pectoris,concept
sternocleidomastoid,Kopfwender,Musculus sternocleidomastoideus,concept
sternocostal part of pectoralis major,Brustbein-Rippen-Anteil des großen Brustmuskels,Pars sternocostalis musculi pectoralis majoris,concept
sternohyoid,Brustbein-Zungenbein-Muskel,Musculus sternohyoideus,concept
sternothyroid,Brustbein-Schildknorpel-Muskel,Musculus sternothyroideus,concept
sternum,Brustbein,Sternum,concept
straight part of cricothyroid,Gerader Anteil des Ringknorpel-Schildknorpel-Muskels,Pars recta musculi cricothyroidei,concept
stria medullaris of thalamus,Markstreifen des Thalamus,Stria medullaris thalami,concept
stria of neuraxis,Streifen der Neuraxis,Stria neuraxis,concept
stria of telencephalon,Streifen des Endhirns,Stria telencephali,concept
stylohyoid,Griffel-Zungenbein-Muskel,Musculus stylohyoideus,concept
stylohyoid ligament,Griffel-Zungenbein-Band,Ligamentum stylohyoideum,concept
stylopharyngeus,Griffel-Rachen-Muskel,Musculus stylopharyngeus,concept
subaortic curtain of left ventricle,Subaortaler Vorhang der linken Herzkammer,Velum subaorticum ventriculi sinistri,concept
subarachnoid incisure,Subarachnoidale Einkerbung,Incisura subarachnoidea,concept
subclavian artery,Unterschlüsselbeinarterie,Arteria subclavia,concept
subclavian vein,Unterschlüsselbeinvene,Vena subclavia,concept
subclavius,Unterschlüsselbeinmuskel,Musculus subclavius,concept
subcortex of left cerebral hemisphere,Subkortex der linken Großhirnhemisphäre,Subcortex hemispherii cerebri sinistri,concept
subcortex of right cerebral hemisphere,Subkortex der rechten Großhirnhemisphäre,Subcortex hemispherii cerebri dextri,concept
subcostal artery,Unterrippenarterie,Arteria subcostalis,concept
subcostal vein,Unterrippenvene,Vena subcostalis,concept
subdivision of anterior division of internal iliac artery,Unterabschnitt des vorderen Asts der inneren Beckenarterie,Subdivisio rami anterioris arteriae iliacae internae,concept
subdivision of anterior tibial artery,Unterabschnitt der vorderen Schienbeinarterie,Subdivisio arteriae tibialis anterioris,concept
subdivision of auriculotemporal part of head,Unterabschnitt der Ohr-Schläfen-Region des Kopfes,Subdivisio partis auriculotemporalis capitis,concept
subdivision of brachiocephalic vein,Unterabschnitt der Arm-Kopf-Vene,Subdivisio venae brachiocephalicae,concept
subdivision of cardinal body part,Unterabschnitt des Körperhauptteils,Subdivisio partis cardinalis corporis,concept
subdivision of celiac artery,Unterabschnitt der Eingeweidearterie,Subdivisio arteriae coeliacae,concept
subdivision of cerebral part of internal carotid artery,Unterabschnitt des Hirnabschnitts der inneren Halsschlagader,Subdivisio partis cerebralis arteriae carotidis internae,concept
subdivision of common carotid artery,Unterabschnitt der gemeinsamen Halsschlagader,Subdivisio arteriae carotis communis,concept
subdivision of common hepatic artery,Unterabschnitt der gemeinsamen Leberarterie,Subdivisio arteriae hepaticae communis,concept
subdivision of costocervical artery,Unterabschnitt des Rippen-Hals-Stamms,Subdivisio trunci costocervicalis,concept
subdivision of cranial dura mater,Unterabschnitt der harten Hirnhaut,Subdivisio durae matris cranialis,concept
subdivision of deep femoral artery,Unterabschnitt der tiefen Oberschenkelarterie,Subdivisio arteriae profundae femoris,concept
subdivision of epidermis,Unterabschnitt der Oberhaut,Subdivisio epidermidis,concept
subdivision of epithelium,Unterabschnitt des Epithels,Subdivisio epithelii,concept
subdivision of external iliac artery,Unterabschnitt der äußeren Beckenarterie,Subdivisio arteriae iliacae externae,concept
subdivision of external iliac artery proper,Unterabschnitt der eigentlichen äußeren Beckenarterie,Subdivisio arteriae iliacae externae propriae,concept
subdivision of external iliac vein,Unterabschnitt der äußeren Beckenvene,Subdivisio venae iliacae externae,concept
subdivision of face,Unterabschnitt des Gesichts,Subdivisio faciei,concept
subdivision of femoral artery,Unterabschnitt der Oberschenkelarterie,Subdivisio arteriae femoralis,concept
subdivision of gastroduodenal artery,Unterabschnitt der Magen-Duodenal-Arterie,Subdivisio arteriae gastroduodenalis,concept
subdivision of head,Unterabschnitt des Kopfes,Subdivisio capitis,concept
subdivision of head proper,Unterabschnitt des eigentlichen Kopfes,Subdivisio capitis proprii,concept
subdivision of hepatic artery proper,Unterabschnitt der eigentlichen Leberarterie,Subdivisio arteriae hepaticae propriae,concept
subdivision of hepatic portal vein,Unterabschnitt der Pfortader,Subdivisio venae portae hepatis,concept
subdivision of inferior mesenteric artery,Unterabschnitt der unteren Gekrösearterie,Subdivisio arteriae mesentericae inferioris,concept
subdivision of inferior pancreaticoduodenal artery,Unterabschnitt der unteren Pankreas-Duodenal-Arterie,Subdivisio arteriae pancreaticoduodenalis inferioris,concept
subdivision of inferior vena caval tree,Unterabschnitt des unteren Hohlvenenbaums,Subdivisio arboris venae cavae inferioris,concept
subdivision of internal carotid artery,Unterabschnitt der inneren Halsschlagader,Subdivisio arteriae carotis internae,concept
subdivision of internal iliac artery,Unterabschnitt der inneren Beckenarterie,Subdivisio arteriae iliacae internae,concept
subdivision of internal pudendal artery,Unterabschnitt der inneren Schamarterie,Subdivisio arteriae pudendae internae,concept
subdivision of internal thoracic artery,Unterabschnitt der inneren Brustwandarterie,Subdivisio arteriae thoracicae internae,concept
subdivision of laryngopharynx,Unterabschnitt des Kehlkopfrachens,Subdivisio laryngopharyngis,concept
subdivision of left hepatic artery,Unterabschnitt der linken Leberarterie,Subdivisio arteriae hepaticae sinistrae,concept
subdivision of left hepatic portal vein,Unterabschnitt der linken Pfortader,Subdivisio venae portae hepatis sinistrae,concept
subdivision of left lobe branch of left hepatic artery,Unterabschnitt des linken Lappenasts der linken Leberarterie,Subdivisio rami lobaris arteriae hepaticae sinistrae sinistri,concept
subdivision of mouth,Unterabschnitt des Mundes,Subdivisio oris,concept
subdivision of muscle layer,Unterabschnitt der Muskelschicht,Subdivisio tunicae muscularis,concept
subdivision of nervous system,Unterabschnitt des Nervensystems,Subdivisio systematis nervosi,concept
subdivision of parasympathetic nervous system,Unterabschnitt des parasympathischen Nervensystems,Subdivisio partis parasympathicae,concept
subdivision of pharynx,Unterabschnitt des Rachens,Subdivisio pharyngis,concept
subdivision of posterior tibial artery,Unterabschnitt der hinteren Schienbeinarterie,Subdivisio arteriae tibialis posterioris,concept
subdivision of pre-hepatic portal vein,Unterabschnitt der prähepatischen Pfortader,Subdivisio venae portae prehepaticae,concept
subdivision of right hepatic artery,Unterabschnitt der rechten Leberarterie,Subdivisio arteriae hepaticae dextrae,concept
subdivision of right hepatic portal vein,Unterabschnitt der rechten Pfortader,Subdivisio venae portae hepatis dextrae,concept
subdivision of right lobe branch of right hepatic artery,Unterabschnitt des rechten Lappenasts der rechten Leberarterie,Subdivisio rami lobaris arteriae hepaticae dextrae dextri,concept
subdivision of splenic artery,Unterabschnitt der Milzarterie,Subdivisio arteriae splenicae,concept
subdivision of subarachnoid space,Unterabschnitt des Subarachnoidalraums,Subdivisio spatii subarachnoidei,concept
subdivision of subclavian artery,Unterabschnitt der Unterschlüsselbeinarterie,Subdivisio arteriae subclaviae,concept
subdivision of subclavian vein,Unterabschnitt der Unterschlüsselbeinvene,Subdivisio venae subclaviae,concept
subdivision of subscapular artery,Unterabschnitt der Unterschulterblattarterie,Subdivisio arteriae subscapularis,concept
subdivision of superior mesenteric artery,Unterabschnitt der oberen Gekrösearterie,Subdivisio arteriae mesentericae superioris,concept
subdivision of superior temporal gyrus,Unterabschnitt der oberen Schläfenwindung,Subdivisio gyri temporalis superioris,concept
subdivision of superior vena caval tree,Unterabschnitt des oberen Hohlvenenbaums,Subdivisio arboris venae cavae superioris,concept
subdivision of thoraco-acromial artery,Unterabschnitt der Brust-Schulterhöhen-Arterie,Subdivisio arteriae thoracoacromialis,concept
subdivision of thyrocervical artery,Unterabschnitt des Schilddrüsen-Hals-Stamms,Subdivisio trunci thyrocervicalis,concept
subdivision of transverse cervical artery,Unterabschnitt der queren Halsarterie,Subdivisio arteriae transversae cervicis,concept
subdivisionof autonomic nervous system,Unterabschnitt des autonomen Nervensystems,Subdivisio systematis nervosi autonomici,concept
subendocardial layer of myocardium of left ventricle,Subendokardiale Schicht des Myokards der linken Herzkammer,Stratum subendocardiale myocardii ventriculi sinistri,concept
subendocardial layer of myocardium of right ventricle,Subendokardiale Schicht des Myokards der rechten Herzkammer,Stratum subendocardiale myocardii ventriculi dextri,concept
sublingual gland,Unterzungendrüse,Glandula sublingualis,concept
submandibular gland,Unterkieferdrüse,Glandula submandibularis,concept
subscapular artery,Unterschulterblattarterie,Arteria subscapularis,concept
subscapular vein,Unterschulterblattvene,Vena subscapularis,concept
subscapularis,Unterschulterblattmuskel,Musculus subscapularis,concept
subsegmental part of anterior basal segmental artery,Subsegmentaler Teil der vorderen basalen Segmentarterie,Pars subsegmentalis arteriae segmentalis basalis anterioris,concept
subsegmental part of anterior segmental artery,Subsegmentaler Teil der vorderen Segmentarterie,Pars subsegmentalis arteriae segmentalis anterioris,concept
subsegmental part of anterior segmental vein,Subsegmentaler Teil der vorderen Segmentvene,Pars subsegmentalis venae segmentalis anterioris,concept
subsegmental part of apical segmental artery,Subsegmentaler Teil der apikalen Segmentarterie,Pars subsegmentalis arteriae segmentalis apicalis,concept
subsegmental part of apical segmental vein,Subsegmentaler Teil der apikalen Segmentvene,Pars subsegmentalis venae segmentalis apicalis,concept
subsegmental part of lateral basal segmental artery,Subsegmentaler Teil der seitlichen basalen Segmentarterie,Pars subsegmentalis arteriae segmentalis basalis lateralis,concept
subsegmental part of lateral segmental artery,Subsegmentaler Teil der seitlichen Segmentarterie,Pars subsegmentalis arteriae segmentalis lateralis,concept
subsegmental part of lateral segmental vein,Subsegmentaler Teil der seitlichen Segmentvene,Pars subsegmentalis venae segmentalis lateralis,concept
subsegmental part of medial segmental artery,Subsegmentaler Teil der medialen Segmentarterie,Pars subsegmentalis arteriae segmentalis medialis,concept
subsegmental part of medial segmental vein,Subsegmentaler Teil der medialen Segmentvene,Pars subsegmentalis venae segmentalis medialis,concept
subsegmental part of posterior basal segmental artery,Subsegmentaler Teil der hinteren basalen Segmentarterie,Pars subsegmentalis arteriae segmentalis basalis posterioris,concept
subsegmental part of posterior segmental artery,Subsegmentaler Teil der hinteren Segmentarterie,Pars subsegmentalis arteriae segmentalis posterioris,concept
subsegmental part of superior segmental artery,Subsegmentaler Teil der oberen Segmentarterie,Pars subsegmentalis arteriae segmentalis superioris,concept
subsegmental pulmonary artery,Subsegmentale Lungenarterie,Arteria pulmonalis subsegmentalis,concept
subsegmental pulmonary vein,Subsegmentale Lungenvene,Vena pulmonalis subsegmentalis,concept
superficial cervical artery,Oberflächliche Halsarterie,Arteria cervicalis superficialis,concept
superficial chest wall,Oberflächliche Brustwand,Paries pectoris superficialis,concept
superficial epigastric artery,Oberflächliche Bauchdeckenarterie,Arteria epigastrica superficialis,concept
superficial epigastric vein,Oberflächliche Bauchdeckenvene,Vena epigastrica superficialis,concept
superficial head of flexor pollicis brevis,Oberflächlicher Kopf des kurzen Daumenbeugers,Caput superficiale musculi flexoris pollicis brevis,concept
superficial medial plantar artery,Oberflächliche mediale Fußsohlenarterie,Arteria plantaris medialis superficialis,concept
superficial muscle of anterior compartment of forearm,Oberflächlicher Muskel der vorderen Unterarmloge,Musculus superficialis compartimenti antebrachii anterioris,concept
superficial muscle of neck,Oberflächlicher Halsmuskel,Musculus superficialis colli,concept
superficial muscle of posterior compartment of forearm,Oberflächlicher Muskel der hinteren Unterarmloge,Musculus superficialis compartimenti antebrachii posterioris,concept
superficial muscle of posterior compartment of leg,Oberflächlicher Muskel der hinteren Unterschenkelloge,Musculus superficialis compartimenti cruris posterioris,concept
superficial palmar arterial arch,Oberflächlicher Hohlhandbogen,Arcus palmaris superficialis,concept
superficial palmar venous arch,Oberflächlicher Hohlhand-Venenbogen,Arcus venosus palmaris superficialis,concept
superficial postvertebral muscle,Oberflächlicher Rückenmuskel,Musculus dorsi superficialis,concept
superior branch of oculomotor nerve,Oberer Ast des Augenbewegungsnervs,Ramus superior nervi oculomotorii,concept
superior branch of superior segmental artery,Oberer Ast der oberen Segmentarterie,Ramus superior arteriae segmentalis superioris,concept
superior cerebellar artery,Obere Kleinhirnarterie,Arteria superior cerebelli,concept
superior colliculus,Oberer Hügel,Colliculus superior,concept
superior division of upper lobe part of left bronchial tree,Oberer Ast des Oberlappenteils des linken Bronchialbaums,Ramus superior partis lobi superioris arboris bronchialis sinistrae,concept
superior epigastric artery,Obere Bauchdeckenarterie,Arteria epigastrica superior,concept
superior epigastric vein,Obere Bauchdeckenvene,Vena epigastrica superior,concept
superior frontal gyrus,Obere Stirnwindung,Gyrus frontalis superior,concept
superior genicular artery,Obere Kniearterie,Arteria superior genus,concept
superior gluteal vein,Obere Gesäßvene,Vena glutea superior,concept
superior lateral genicular artery,Obere seitliche Kniearterie,Arteria superior lateralis genus,concept
superior lingular bronchopulmonary segment,Oberes Lingula- Lungensegment,Segmentum bronchopulmonale lingulare superius,concept
superior medial genicular artery,Obere mediale Kniearterie,Arteria superior medialis genus,concept
superior mediastinum,Oberer Mittelfellraum,Mediastinum superius,concept
superior oblique,Oberer schräger Augenmuskel,Musculus obliquus superior,concept
superior oblique part of longus colli,Oberer schräger Anteil des langen Halsmuskels,Pars obliqua superior musculi longi colli,concept
superior pancreaticoduodenal artery,Obere Pankreas-Duodenal-Arterie,Arteria pancreaticoduodenalis superior,concept
superior parietal lobule,Oberes Scheitelläppchen,Lobulus parietalis superior,concept
superior part of anterior segmental vein,Oberer Teil der vorderen Segmentvene,Pars superior venae segmentalis anterioris,concept
superior pharyngeal constrictor,Oberer Schlundschnürer,Musculus constrictor pharyngis superior,concept
superior pulmonary vein,Obere Lungenvene,Vena pulmonalis superior,concept
superior rectus,Oberer gerader Augenmuskel,Musculus rectus superior,concept
superior segmental artery,Obere Segmentarterie,Arteria segmentalis superior,concept
superior segmental bronchial tree,Oberer Segmentbronchialbaum,Arbor bronchialis segmentalis superior,concept
superior segmental renal artery,Obere Nierensegmentarterie,Arteria segmentalis renalis superior,concept
superior segmental vein,Obere Segmentvene,Vena segmentalis superior,concept
superior systemic venous tree,Oberer Körpervenenbaum,Arbor venosa systemica superior,concept
superior terminal branch of middle cerebral artery,Oberer Endast der mittleren Hirnarterie,Ramus terminalis superior arteriae cerebri mediae,concept
superior ulnar collateral artery,Obere Ellen-Kollateralarterie,Arteria collateralis ulnaris superior,concept
superior vermian branch of medial branch of superior cerebellar artery,Oberer Wurmast des medialen Astes der oberen Kleinhirnarterie,Ramus vermis superior rami medialis arteriae superioris cerebelli,concept
supinator,Auswärtsdreher,Musculus supinator,concept
supra-orbital nerve,Oberer Augenhöhlennerv,Nervus supraorbitalis,concept
suprahyoid muscle,Oberzungenbeinmuskel,Musculus suprahyoideus,concept
supramarginal gyrus,Gyrus supramarginalis,Gyrus supramarginalis,concept
suprarenal vein,Nebennierenvene,Vena suprarenalis,concept
suprascapular artery,Oberschulterblattarterie,Arteria suprascapularis,concept
suprascapular vein,Oberschulterblattvene,Vena suprascapularis,concept
supraspinatus,Obergrätenmuskel,Musculus supraspinatus,concept
supratrochlear nerve,Nervus supratrochlearis,Nervus supratrochlearis,concept
supreme intercostal artery,Oberste Zwischenrippenarterie,Arteria intercostalis suprema,concept
suspensory ligament of lens,Aufhängeband der Linse,Zonula ciliaris lentis,concept
systemic arterial system,Arterielles Körperkreislaufsystem,Systema arteriosum systemicum,concept
systemic arterial tree,Körperarterienbaum,Arbor arteriosa systemica,concept
systemic arterial trunk,Körperarterienstamm,Truncus arteriosus systemicus,concept
systemic artery,Körperkreislaufarterie,Arteria systemica,concept
systemic vein,Körperkreislaufvene,Vena systemica,concept
systemic venous system,Venöses Körperkreislaufsystem,Systema venosum systemicum,concept
taenia coli,Dickdarmtänie,Taenia coli,concept
talus,Sprungbein,Talus,concept
tarsal bone,Fußwurzelknochen,Os tarsi,concept
tarsal ligament,Fußwurzelband,Ligamentum tarsi,concept
tarsal plate of eyelid,Lidplatte,Tarsus palpebrae,concept
tarsal plate of lower eyelid,Lidplatte des Unterlids,Tarsus inferior palpebrae,concept
tarsal plate of upper eyelid,Lidplatte des Oberlids,Tarsus superior palpebrae,concept
telencephalon,Endhirn,Telencephalon,concept
temporal artery,Schläfenarterie,Arteria temporalis,concept
temporal bone,Schläfenbein,Os temporale,concept
temporo-occipital branch of middle cerebral artery,Schläfen-Hinterhaupt-Ast der mittleren Hirnarterie,Ramus temporooccipitalis arteriae cerebri mediae,concept
tendon,Sehne,Tendo,concept
tendon of levator palpebrae superioris,Sehne des Oberlidhebers,Tendo musculi levatoris palpebrae superioris,concept
tensor fasciae latae,Schenkelbindenspanner,Musculus tensor fasciae latae,concept
tensor veli palatini,Gaumensegelspanner,Musculus tensor veli palatini,concept
tenth rib,Zehnte Rippe,Costa decima,concept
tenth thoracic intervertebral symphysis,Zehnte Brustwirbel-Zwischenwirbelsymphyse,Symphysis intervertebralis thoracica decima,concept
teres major,Großer Rundmuskel,Musculus teres major,concept
teres minor,Kleiner Rundmuskel,Musculus teres minor,concept
testicular artery,Hodenarterie,Arteria testicularis,concept
testicular vein,Hodenvene,Vena testicularis,concept
testis,Hoden,Testis,concept
thalamogeniculate artery,Thalamogenikulararterie,Arteria thalamogeniculata,concept
thalamoperforating artery,Thalamoperforansarterie,Arteria thalamoperforans,concept
thalamus,Thalamus,Thalamus,concept
thenar muscle,Daumenballenmuskel,Musculus thenaris,concept
third cervical intervertebral symphysis,Dritte Halswirbel-Zwischenwirbelsymphyse,Symphysis intervertebralis cervicalis tertia,concept
third common palmar digital artery,Dritte gemeinsame Hohlhand-Fingerarterie,Arteria digitalis palmaris communis tertia,concept
third costal cartilage,Dritter Rippenknorpel,Cartilago costalis tertia,concept
third lumbar intervertebral symphysis,Dritte Lendenwirbel-Zwischenwirbelsymphyse,Symphysis intervertebralis lumbalis tertia,concept
third lumbrical of foot,Dritter Spulmuskel des Fußes,Musculus lumbricalis tertius pedis,concept
third metacarpal bone,Dritter Mittelhandknochen,Os metacarpale tertium,concept
third metatarsal bone,Dritter Mittelfußknochen,Os metatarsale tertium,concept
third plantar interosseous of foot,Dritter Sohlenzwischenknochenmuskel des Fußes,Musculus interosseus plantaris tertius pedis,concept
third rib,Dritte Rippe,Costa tertia,concept
third thoracic intervertebral symphysis,Dritte Brustwirbel-Zwischenwirbelsymphyse,Symphysis intervertebralis thoracica tertia,concept
thoracic part of tracheobronchial tree,Brustteil des Tracheobronchialbaums,Pars thoracica arboris tracheobronchialis,concept
thoracic segment of trunk,Brustabschnitt des Rumpfes,Segmentum thoracicum trunci,concept
thoracic vertebra,Brustwirbel,Vertebra thoracica,concept
thoracic vertebral column,Brustwirbelsäule,Columna vertebralis thoracica,concept
thoracic wall,Brustkorbwand,Paries thoracis,concept
thoracodorsal artery,Brust-Rücken-Arterie,Arteria thoracodorsalis,concept
thoracodorsal vein,Brust-Rücken-Vene,Vena thoracodorsalis,concept
thorax,Brustkorb,Thorax,concept
thymus,Thymus,Thymus,concept
thyro-arytenoid,Schildknorpel-Stellknorpel-Muskel,Musculus thyroarytenoideus,concept
thyrocervical trunk,Schilddrüsen-Hals-Stamm,Truncus thyrocervicalis,concept
thyrohyoid,Schildknorpel-Zungenbein-Muskel,Musculus thyrohyoideus,concept
thyrohyoid ligament,Schildknorpel-Zungenbein-Band,Ligamentum thyrohyoideum,concept
thyrohyoid membrane,Schildknorpel-Zungenbein-Membran,Membrana thyrohyoidea,concept
tibia,Schienbein,Tibia,concept
tibialis anterior,Vorderer Schienbeinmuskel,Musculus tibialis anterior,concept
tibialis posterior,Hinterer Schienbeinmuskel,Musculus tibialis posterior,concept
tooth,Zahn,Dens,concept
tracheobronchial tree,Tracheobronchialbaum,Arbor tracheobronchialis,concept
transverse cervical artery,Quere Halsarterie,Arteria transversa cervicis,concept
transverse head of adductor hallucis,Querer Kopf des Großzehenanziehers,Caput transversum musculi adductoris hallucis,concept
transverse head of adductor pollicis,Querer Kopf des Daumenanziehers,Caput transversum musculi adductoris pollicis,concept
transverse part of trapezius,Querer Anteil des Trapezmuskels,Pars transversa musculi trapezii,concept
transversus thoracis,Querer Brustkorbmuskel,Musculus transversus thoracis,concept
trapezium,Großes Vieleckbein,Os trapezium,concept
trapezoid,Kleines Vieleckbein,Os trapezoideum,concept
tributary of axillary vein,Zufluss der Achselvene,Ramus venae axillaris,concept
tributary of azygos vein,Zufluss der Azygosvene,Ramus venae azygos,concept
tributary of basilic vein,Zufluss der Basilikavene,Ramus venae basilicae,concept
tributary of brachial vein,Zufluss der Oberarmvene,Ramus venae brachialis,concept
tributary of common palmar digital vein,Zufluss der gemeinsamen Hohlhand-Fingervene,Ramus venae digitalis palmaris communis,concept
tributary of deep femoral vein,Zufluss der tiefen Oberschenkelvene,Ramus venae profundae femoris,concept
tributary of deep palmar venous arch,Zufluss des tiefen Hohlhand-Venenbogens,Ramus arcus venosi palmaris profundi,concept
tributary of external jugular vein,Zufluss der äußeren Drosselvene,Ramus venae jugularis externae,concept
tributary of femoral vein,Zufluss der Oberschenkelvene,Ramus venae femoralis,concept
tributary of great saphenous vein,Zufluss der großen Rosenvene,Ramus venae saphenae magnae,concept
tributary of hepatic vein,Zufluss der Lebervene,Ramus venae hepaticae,concept
tributary of inferior mesenteric vein,Zufluss der unteren Gekrösevene,Ramus venae mesentericae inferioris,concept
tributary of internal iliac vein,Zufluss der inneren Beckenvene,Ramus venae iliacae internae,concept
tributary of internal pudendal vein,Zufluss der inneren Schamvene,Ramus venae pudendae internae,concept
tributary of internal thoracic vein,Zufluss der inneren Brustwandvene,Ramus venae thoracicae internae,concept
tributary of left hepatic vein,Zufluss der linken Lebervene,Ramus venae hepaticae sinistrae,concept
tributary of popliteal vein,Zufluss der Kniekehlenvene,Ramus venae popliteae,concept
tributary of radial vein,Zufluss der Speichenvene,Ramus venae radialis,concept
tributary of right hepatic vein,Zufluss der rechten Lebervene,Ramus venae hepaticae dextrae,concept
tributary of splenic vein,Zufluss der Milzvene,Ramus venae splenicae,concept
tributary of subclavian vein,Zufluss der Unterschlüsselbeinvene,Ramus venae subclaviae,concept
tributary of superficial external pudendal vein,Zufluss der oberflächlichen äußeren Schamvene,Ramus venae pudendae externae superficialis,concept
tributary of superficial palmar venous arch,Zufluss des oberflächlichen Hohlhand-Venenbogens,Ramus arcus venosi palmaris superficialis,concept
tributary of superior mesenteric vein,Zufluss der oberen Gekrösevene,Ramus venae mesentericae superioris,concept
tributary of venous anastomosis,Zufluss der Venenanastomose,Ramus anastomosis venosae,concept
tricuspid valve,Trikuspidalklappe,Valva tricuspidalis,concept
triquetral,Dreiecksbein,Os triquetrum,concept
trochlea of superior oblique,Rolle des oberen schrägen Augenmuskels,Trochlea musculi obliqui superioris,concept
trochlear nerve,Rollnerv,Nervus trochlearis,concept
true rib,Echte Rippe,Costa vera,concept
trunk,Rumpf,Truncus,concept
trunk of apical segmental vein,Stamm der apikalen Segmentvene,Truncus venae segmentalis apicalis,concept
trunk of branch of coeliac artery,Stamm eines Astes der Eingeweidearterie,Truncus rami arteriae coeliacae,concept
trunk of branch of common hepatic artery,Stamm eines Astes der gemeinsamen Leberarterie,Truncus rami arteriae hepaticae communis,concept
trunk of branch of common iliac artery,Stamm eines Astes der gemeinsamen Beckenarterie,Truncus rami arteriae iliacae communis,concept
trunk of branch of coronary artery,Stamm eines Astes der Koronararterie,Truncus rami arteriae coronariae,concept
trunk of branch of external iliac artery,Stamm eines Astes der äußeren Beckenarterie,Truncus rami arteriae iliacae externae,concept
trunk of branch of hepatic portal vein,Stamm eines Astes der Pfortader,Truncus rami venae portae hepatis,concept
trunk of branch of inferior mesenteric artery,Stamm eines Astes der unteren Gekrösearterie,Truncus rami arteriae mesentericae inferioris,concept
trunk of branch of internal carotid artery,Stamm eines Astes der inneren Halsschlagader,Truncus rami arteriae carotis internae,concept
trunk of branch of left colic artery,Stamm eines Astes der linken Dickdarmarterie,Truncus rami arteriae colicae sinistrae,concept
trunk of branch of middle cerebral artery,Stamm eines Astes der mittleren Hirnarterie,Truncus rami arteriae cerebri mediae,concept
trunk of branch of popliteal artery,Stamm eines Astes der Kniekehlenarterie,Truncus rami arteriae popliteae,concept
trunk of branch of subclavian artery,Stamm eines Astes der Unterschlüsselbeinarterie,Truncus rami arteriae subclaviae,concept
trunk of coronary artery,Stamm der Koronararterie,Truncus arteriae coronariae,concept
trunk of hepatic artery,Stamm der Leberarterie,Truncus arteriae hepaticae,concept
trunk of inferior terminal branch of middle cerebral artery,Stamm des unteren terminalen Astes der mittleren Hirnarterie,Truncus rami terminalis inferioris arteriae cerebri mediae,concept
trunk of intrapulmonary vein,Stamm der intrapulmonalen Vene,Truncus venae intrapulmonalis,concept
trunk of left lateral plantar artery,Stamm der linken seitlichen Fußsohlenarterie,Truncus arteriae plantaris lateralis sinistrae,concept
trunk of portal vein,Stamm der Pfortader,Truncus venae portae,concept
trunk of pulmonary vein,Stamm der Lungenvene,Truncus venae pulmonalis,concept
trunk of renal artery,Stamm der Nierenarterie,Truncus arteriae renalis,concept
trunk of right lateral plantar artery,Stamm der rechten seitlichen Fußsohlenarterie,Truncus arteriae plantaris lateralis dextrae,concept
trunk of right middle cerebral artery,Stamm der rechten mittleren Hirnarterie,Truncus arteriae cerebri mediae dextrae,concept
trunk of segmental pulmonary vein,Stamm der segmentalen Lungenvene,Truncus venae pulmonalis segmentalis,concept
trunk of subdivision of axillary artery,Stamm des Unterabschnitts der Achselarterie,Truncus subdivisionis arteriae axillaris,concept
trunk of systemic vein,Stamm der Körperkreislaufvene,Truncus venae systemicae,concept
trunk of thoraco-acromial artery,Stamm der Brust-Schulterhöhen-Arterie,Truncus arteriae thoracoacromialis,concept
twelfth rib,Zwölfte Rippe,Costa duodecima,concept
typical rib,Typische Rippe,Costa typica,concept
ulna,Elle,Ulna,concept
ulnar artery,Ellenarterie,Arteria ulnaris,concept
ulnar head of flexor carpi ulnaris,Ellenkopf des ellenseitigen Handbeugers,Caput ulnare musculi flexoris carpi ulnaris,concept
ulnar head of pronator teres,Ellenkopf des runden Einwärtsdrehers,Caput ulnare musculi pronatoris teretis,concept
ulnar recurrent artery,Rückläufige Ellenarterie,Arteria recurrens ulnaris,concept
ulnar vein,Ellenvene,Vena ulnaris,concept
upper central secondary incisor tooth,Oberer mittlerer Schneidezahn,Dens incisivus medialis superior,concept
upper first secondary molar tooth,Oberer erster Molar,Dens molaris primus superior,concept
upper first secondary premolar tooth,Oberer erster Prämolar,Dens premolaris primus superior,concept
upper gastrointestinal tract,Oberer Magen-Darm-Trakt,Tractus gastrointestinalis superior,concept
upper jaw,Oberkiefer,Maxilla,concept
upper lateral secondary incisor tooth,Oberer seitlicher Schneidezahn,Dens incisivus lateralis superior,concept
upper lobar artery,Obere Lappenarterie,Arteria lobaris superior,concept
upper lobe of left lung,Oberlappen der linken Lunge,Lobus superior pulmonis sinistri,concept
upper lobe of right lung,Oberlappen der rechten Lunge,Lobus superior pulmonis dextri,concept
upper lobe part of left bronchial tree,Oberlappenteil des linken Bronchialbaums,Pars lobi superioris arboris bronchialis sinistrae,concept
upper lobe part of right bronchial tree,Oberlappenteil des rechten Bronchialbaums,Pars lobi superioris arboris bronchialis dextrae,concept
upper second secondary molar tooth,Oberer zweiter Molar,Dens molaris secundus superior,concept
upper second secondary premolar tooth,Oberer zweiter Prämolar,Dens premolaris secundus superior,concept
upper secondary canine tooth,Oberer Eckzahn,Dens caninus superior,concept
upper secondary incisor tooth,Oberer Schneidezahn,Dens incisivus superior,concept
upper secondary molar tooth,Oberer Molar,Dens molaris superior,concept
upper secondary premolar tooth,Oberer Prämolar,Dens premolaris superior,concept
ureter,Harnleiter,Ureter,concept
ureteric segment of renal artery,Harnleiterabschnitt der Nierenarterie,Pars ureterica arteriae renalis,concept
urinary system,Harnsystem,Systema urinarium,concept
uvula,Zäpfchen,Uvula,concept
variant artery,Variante Arterie,Arteria varians,concept
variant bronchial artery,Variante Bronchialarterie,Arteria bronchialis varians,concept
variant systemic artery,Variante Körperarterie,Arteria systemica varians,concept
vascular anastomosis,Gefäßanastomose,Anastomosis vascularis,concept
vascular layer of left eyeball,Gefäßhaut des linken Augapfels,Tunica vasculosa bulbi oculi sinistri,concept
vascular layer of right eyeball,Gefäßhaut des rechten Augapfels,Tunica vasculosa bulbi oculi dextri,concept
vascular tree,Gefäßbaum,Arbor vascularis,concept
vasculature of body,Gefäßsystem des Körpers,Vasa corporis,concept
vastus intermedius,Mittlerer breiter Schenkelmuskel,Musculus vastus intermedius,concept
vastus lateralis,Äußerer breiter Schenkelmuskel,Musculus vastus lateralis,concept
vastus medialis,Innerer breiter Schenkelmuskel,Musculus vastus medialis,concept
vein,Vene,Vena,concept
venous anastomosis,Venenanastomose,Anastomosis venosa,concept
venous tree organ,Venenbaum,Arbor venosa,concept
venous trunk,Venenstamm,Truncus venosus,concept
ventricular branch of right coronary artery,Kammerast der rechten Koronararterie,Ramus ventricularis arteriae coronariae dextrae,concept
ventricular system of brain,Ventrikelsystem des Gehirns,Systema ventriculare encephali,concept
ventricular system of neuraxis,Ventrikelsystem der Neuraxis,Systema ventriculare neuraxis,concept
vertebra,Wirbel,Vertebra,concept
vertebral artery,Wirbelarterie,Arteria vertebralis,concept
vertebral column,Wirbelsäule,Columna vertebralis,concept
vertical intermediate part of longus colli,Senkrechter mittlerer Anteil des langen Halsmuskels,Pars verticalis intermedia musculi longi colli,concept
visceral peritoneum,Viszerales Bauchfell,Peritoneum viscerale,concept
viscerocranium,Gesichtsschädel,Viscerocranium,concept
vitreous body,Glaskörper,Corpus vitreum,concept
vocal ligament,Stimmband,Ligamentum vocale,concept
vocalis,Stimmmuskel,Musculus vocalis,concept
wall of abdomen,Wand des Bauches,Paries abdominis,concept
wall of abdomen proper,Wand des eigentlichen Bauches,Paries abdominis proprii,concept
wall of atrium,Wand des Vorhofs,Paries atrii,concept
wall of cardiac chamber,Wand der Herzhöhle,Paries camerae cordis,concept
wall of distal part of ileum,Wand des distalen Teils des Krummdarms,Paries partis distalis ilei,concept
wall of ileum,Wand des Krummdarms,Paries ilei,concept
wall of inflow part of left ventricle,Wand des Einflussteils der linken Herzkammer,Paries partis afferentis ventriculi sinistri,concept
wall of inflow part of right ventricle,Wand des Einflussteils der rechten Herzkammer,Paries partis afferentis ventriculi dextri,concept
wall of internal nose,Wand der inneren Nase,Paries nasi interni,concept
wall of large intestine,Wand des Dickdarms,Paries intestini crassi,concept
wall of left eyeball,Wand des linken Augapfels,Paries bulbi oculi sinistri,concept
wall of left side of heart,Wand der linken Herzhälfte,Paries lateris cordis sinistri,concept
wall of left side of internal nose,Wand der linken Seite der inneren Nase,Paries lateris nasi interni sinistri,concept
wall of left ventricle,Wand der linken Herzkammer,Paries ventriculi sinistri,concept
wall of right eyeball,Wand des rechten Augapfels,Paries bulbi oculi dextri,concept
wall of right side of heart,Wand der rechten Herzhälfte,Paries lateris cordis dextri,concept
wall of right side of internal nose,Wand der rechten Seite der inneren Nase,Paries lateris nasi interni dextri,concept
wall of right ventricle,Wand der rechten Herzkammer,Paries ventriculi dextri,concept
wall of small intestine,Wand des Dünndarms,Paries intestini tenuis,concept
white matter of neuraxis,Weiße Substanz der Neuraxis,Substantia alba neuraxis,concept
white matter of telencephalon,Weiße Substanz des Endhirns,Substantia alba telencephali,concept
zone of artery,Zone der Arterie,Zona arteriae,concept
zone of bone organ,Zone des Knochens,Zona ossis,concept
zone of cavernous organ,Zone des Schwellkörperorgans,Zona organi cavernosi,concept
zone of continuity,Zone der Kontinuität,Zona continuitatis,concept
zone of corpus spongiosum of penis,Zone des Harnröhrenschwellkörpers,Zona corporis spongiosi penis,concept
zone of cricothyroid,Zone des Ringknorpel-Schildknorpel-Muskels,Zona musculi cricothyroidei,concept
zone of deltoid,Zone des Deltamuskels,Zona musculi deltoidei,concept
zone of diencephalon,Zone des Zwischenhirns,Zona diencephali,concept
zone of fascia lata,Zone der Oberschenkelfaszie,Zona fasciae latae,concept
zone of ileum,Zone des Krummdarms,Zona ilei,concept
zone of investing fascia,Zone der Hüllfaszie,Zona fasciae investientis,concept
zone of investing fascia of free lower limb,Zone der Hüllfaszie der freien unteren Gliedmaße,Zona fasciae investientis partis liberae membri inferioris,concept
zone of investing fascia of lower limb,Zone der Hüllfaszie der unteren Gliedmaße,Zona fasciae investientis membri inferioris,concept
zone of investing fascia of thigh,Zone der Hüllfaszie des Oberschenkels,Zona fasciae investientis femoris,concept
zone of jejunum,Zone des Leerdarms,Zona jejuni,concept
zone of levator ani,Zone des Afterhebers,Zona musculi levatoris ani,concept
zone of longus colli,Zone des langen Halsmuskels,Zona musculi longi colli,concept
zone of middle cerebral artery,Zone der mittleren Hirnarterie,Zona arteriae cerebri mediae,concept
zone of muscle organ,Zone des Muskels,Zona musculi,concept
zone of neuraxis,Zone der Neuraxis,Zona neuraxis,concept
zone of oblique arytenoid,Zone des schrägen Stellknorpelmuskels,Zona musculi arytenoidei obliqui,concept
zone of pectoralis major,Zone des großen Brustmuskels,Zona musculi pectoralis majoris,concept
zone of posterior cerebral artery,Zone der hinteren Hirnarterie,Zona arteriae cerebri posterioris,concept
zone of quadriceps femoris,Zone des vierköpfigen Schenkelmuskels,Zona musculi quadricipitis femoris,concept
zone of small intestine,Zone des Dünndarms,Zona intestini tenuis,concept
zone of sternum,Zone des Brustbeins,Zona sterni,concept
zone of trapezius,Zone des Trapezmuskels,Zona musculi trapezii,concept
zone of trunk of lateral plantar artery,Zone des Stammes der seitlichen Fußsohlenarterie,Zona trunci arteriae plantaris lateralis,concept
zygomatic bone,Jochbein,Os zygomaticum,concept
